filename,text
1. Form SKJ Pimpinan Tinggi Madya Sekretaris Utama (Level 5).docx,"STANDAR KOMPETENSI JABATAN PIMPINAN TINGGI MADYA
Nama Jabatan | : | Sekretaris Utama
Kelompok Jabatan | : | Jabatan Pimpinan Tinggi Madya
Urusan Pemerintah | : | Pengawas Obat dan Makanan
Kode Jabatan | : | 1-02-16-01-00-000
JABATAN PIMPINAN TINGGI MADYA
I.  IKHTISAR JABATAN
Ikhtisar Jabatan | Sekretaris Utama mempunyai tugas menyelenggarakan koordinasi pelaksanaan tugas, pembinaan, dan pemberian dukungan administrasi kepada seluruh unit organisasi di lingkungan Badan Pengawas Obat dan Makanan
II. STANDAR KOMPETENSI
Kompetensi | Level | Diskripsi | Indikator Kompetensi
A.  Manajerial
1. Integritas | 5 | Mampu menjadirole model dalampenerapan standarkeadilan dan etikadi tingkat nasional | Mempertahankan tingkat standar keadilan dan etika yang tinggi dalam perkataan dan tindakan sehari-hari yang dipatuhi oleh seluruh pemangku kepentingan pada lingkup instansi yang dipimpinnya;Menjadi “role model” / keteladanan dalam penerapan standar keadilan dan etika yang tinggi di tingkat nasional;Membuat konsep kebijakan dan strategi penerapan sikap integritas dalam pelaksanaan tugas dan norma-norma yang sejalan dengan nilai strategis organisasi.
2. Kerjasama | 5 | Menciptakansituasi kerja samasecara konsisten,baik di dalammaupun di luarinstansi | Menciptakan hubungan kerja yang konstruktif dengan menerapkan norma / etos / nilai-nilai kerja yang baik di dalam dan di luar organisasi; meningkatkan produktivitas dan menjadi panutan dalam organisasi;Secara konsisten menjaga sinergi agar pemangku kepentingan dapat bekerja sama dengan orang di dalam maupun di luar organisasi;Membangun konsensus untuk menggabungkan sumberdaya dari berbagai pemangku kepentingan untuk tujuan bangsa dan negara.
3. Komunikasi | 5 | Menggagas sistemkomunikasi yangterbuka secara strategis untukmencari solusidengan tujuanmeningkatkankinerja | Menghilangkan hambatan komunikasi, mampu berkomunikasi dalam isu-isu nasional yang memiliki resiko tinggi, menggalang hubungan dalam skala strategis di tingkat nasional;Menggunakan saluran komunikasi formal dan non formal guna mencapai kesepakatan dengan tujuan meningkatkan kinerja di tingkat instansi/nasional;Menggagas sistem komunikasi dengan melibatkan pemangku kepentingan sejak dini untuk mencari solusi dengan tujuan meningkatkan kinerja di tingkat instansi/nasional.
4. Orientasi pada hasil | 5 | Meningkatkanmutu pencapaiankerja organisasi | Memastikan kualitas sesuai standar dan keberlanjutan hasil kerja organisasi yang memberi kontribusi pada pencapaian target prioritas nasional;Memastikan tersedianya sumber daya organisasi untuk menjamin tercapainya target prioritas instansi/nasional;Membuat kebijakan untuk menerapkan metode kerja yang lebih efektif-efisien dalam mencapai tujuan prioritas nasional.
5  Pelayanan Publik | 5 | Mampumemastikankebijakan -kebijakanpelayanan publikyang menjaminterselenggaranyapelayanan publikyang objektif,netral, tidakmemihak, tidakdiskriminatif, sertatidak terpengaruhkepentinganpribadi/kelompok/partai politik. | Mampu menciptakan kebijakan kebijakan pelayanan publik yang menjamin terselenggaranya pelayanan publik yang objektif, netral, tidak memihak, tidak diskriminatif, serta tidak terpengaruh kepentingan pribadi/kelompok/partai politik;Menginternalisasikan nilai dan semangat pelayanan publik yang mengikuti standar objektif, netral, tidak memihak, tidak diskriminatif, transparan, tidak terpengaruh kepentingan pribadi/kelompok kepada setiap individu di lingkungan instansi/nasional;Menjamin terselenggaranya pelayanan publik yang objektif, netral, tidak memihak, tidak diskriminatif, serta tidak terpengaruh kepentingan pribadi/kelompok/partai politik.
6  Pengembangan diri dan orang lain | 5 | Menciptakansituasi yangmendorongorganisasi untukmengembangkankemampuan belajarsecaraberkelanjutandalam rangkamendukungpencapaian hasil | Menciptakan situasi yang mendorong individu, kelompok, unit kerja untuk mengembangkan kemampuan belajar secara berkelanjutan di tingkat instansi;Merekomendasikan/memberikan penghargaan bagi upaya pengembangan yang berhasil, memastikan dukungan bagi orang lain dalam mengembangkan kemampuan dalam unit kerja di tingkat instansi;Memberikan inspirasi kepada individu atau kelompok untuk belajar secara berkelanjutan dalam penerapan di tingkat instansi.
7. Mengelola Perubahan | 5 | Memimpin,menggalang danmenggerakkandukunganpemangkukepentingan untukmenjalankanperubahan secaraberkelanjutan padatingkatinstansi/nasional | Membuat kebijakan-kebijakan yang mendorong perubahan yang berdampak pada pencapaian sasaran prioritas nasional;Menggalang dan menggerakkan dukungan para pemangku kepentingan untuk mengimplementasikan perubahan yang telah ditetapkan;Secara berkelanjutan, mencari cara-cara baru untuk memberi nilai tambah bagi perubahan yang tengah dijalankan agar memberi manfaat yang lebih besar bagi para pemangku kepentingan.
8. Pengambilan Keputusan | 5 | Menghasilkansolusi danmengambilkeputusan untukmengatasipermasalahanjangkapanjang/strategis,berdampaknasional | Menghasilkan solusi yang dapat mengatasi permasalahan jangka panjang;Menghasilkan solusi strategis yang berdampak pada tataran instansi/nasional;Membuat keputusan atau kebijakan yang berdampak nasional dengan memitigasi risiko yang mungkin timbul.
B   Sosial Kultural
9.  Perekat Bangsa | 5 | Wakil pemerintahuntuk membangunhubungan sosialpsikologis | Menjadi wakil pemerintah yang mampu membangun hubungan sosial psikologis dengan masyarakat sehingga menciptakan kelekatan yang kuat antara ASN dan para pemangku kepentingan serta diantara para pemangku kepentingan itu sendiri;Mampu mengkomunikasikan dampak risiko yang teridentifikasi dan merekomendasikan tindakan korektif berdasarkan pertimbangan perbedaan latar belakang, agama/kepercayaan, suku, jender, sosial ekonomi, preferensi politik untuk membangun hubungan jangka panjang;Mampu membuat kebijakan yang mengakomodasi perbedaan latar belakang, agama/kepercayaan, suku, jender, sosial ekonomi, preferensi politik yang berdampak positif secara nasional.
C.  Teknis
10. Manajemen Sumber Daya Manusia ASN | 4 | Menyusunperangkatnorma standarprosedurinstrumenpenerapanmanajemenSDM | Mampu menyusun pedoman petunjuk teknis dalam penerapan manajemen SDM (perencanaan SDM, analisis jabatan, analisis beban kerja, standar kompetensi, perencanaan pengembangan kompetensi, evaluasi jabatan manajemen kinerja, administrasi kepegawaian, sistem informasi kepegawaian)Memberikan bimbingan dan fasilitasi kepada pengelola kepegawaian dalam penerapan pedoman dan petunjuk teknis (perencanaan SDM, analisis jabatan, analisis beban kerja, standar kompetensi, perencanaan pengembangan kompetensi, evaluasi jabatan manajemen kinerja,administrasi kepegawaian, sistem informasi kepegawaian)Mampu meyakinkan dan memperoleh dukungan stakeholder terkait dengan konsep manajemen SDM, pengembangan dan penerapannya
11. Manajemen Keuangan | 4 | Memberikanrekomendasiterhadapmanajemenkeuangan | Mengevaluasi hasil analisis yang dilakukan dan memberikan rekomendasi dalam rangka perbaikan pelaksanaan pengelolaan keuanganMemberikan solusi atas permasalahan jangka panjang yang bersifat strategis pada pengelolaan keuanganMembuat langkah antisipatif atas perubahan lingkungan eksternal yang dapat mempengaruhi pengelolaan keuangan
12. Penyusunan Rencana Kerja dan Anggaran | 5 | Membuat kebijakanterintegrasi terkaitpenyusunan rencana kerjadan anggaran | 5.1 Mampu memberikan arahan terkait pola kerja unit yang berada dibawah kendalinya;5.2 Mampu membuat kebijakan atas hal-hal yang berhubungan dengan penyusunan rencana kerja dan anggaran;5.3 Mampu membuat kebijakan yang saling memberikan dampak terhadap tugas pokok dan fungsi penyusunan rencana kerja dan anggaran agar lebih efektif dan efisien dengan memperhatikan rekomendasi yang ada.
13. Advokasi Kebijakan Pengawasan Obat dan Makanan | 5 | Mampu mengembangka, konsep, teori,kebijakan advokasikebijakan Bidang Pengawasan Obat dan Makanan yangsinergis danterintegrasi yangberdampak nasional | 5.1 Mengembangkan konsep, teori, kebijakan, teknik metode advokasi kebijakan Bidang Pengawasan Obat dan Makanan5.2Mengembangkan strategi advokasi kebijakan Bidang Pengawasan Obat dan Makanan yang dapat memberikan dampak positif di tingkat nasional5.3 Menjadi mentor dan rujukan nasional dalam pemecahan masalah advokasi kebijakan Bidang Pengawasan Obat dan Makanan5.4 Membangun strategi membangun kerjasama dan jejaring kerja dalam rangka mendukung advokasi kebijakan Bidang Pengawasan Obat dan Makanan dalam di tingkat nasional dan internasional
14. Pembentukan Peraturan Perundangundangan | 5 | Mampumenyempurnakan naskah rancangandalam PembentukanPeraturan Perundangundangan | 5.1Mengidentifikasi, menganalisis teori, konsep, kebijakan Analisis Urgensi Pembentukan Perundang-Undangan serta pelaksanaannya dalam hal menemukan kelebihan dan kekurangan serta rekomendasi perbaikannya.5.2 Mengembangkan teori, konsep dan kebijakan Analisis Urgensi Pembentukan Perundang-Undangan, meyakinkan stakeholder dan shareholder terkait untuk menerima konsep, teori dan kebijakan yang dikembangkan.5.3 Menjadi sumber rujukan utama (nasional) dalam implementasi kebijakan dan pemecahan masalah dalam melakukan Analisis Urgensi Pembentukan Perundang-undangan
15. Pengelolaan Barang Milik Negara | 4 | Mampumengevaluasidanmenyusunperangkatnorma standarprosedurinstrumenPengelolaanBarang MilikNegara | 4.1 Mampu melakukan evaluasi terhadap teknis/metode/sistem cara kerja menemu kenali kelebihan dan kekurangan melakukan pengembangan atau perbaikan cara kerja Pengelolaan Barang Milik Negara yang lebih efektif/efisien4.2 Mampu menyusun pedoman, petunjuk teknis, cara kerja yang dijadikan norma standar, prosedur, instrumen pelaksanaan Pengelolaan Barang Milik Negara4.3 Mampu meyakinkan dan memperoleh dukungan dari stakeholder pelaksanaan Pengelolaan Barang Milik Negara dan memberikan bimbingan dan fasilitasi kepada instansi lain atau stakeholder terkait Pengelolaan Barang Milik Negara.
III.  PERSYARATAN JABATAN
Jenis Persyaratan | Uraian | Tingkat pentingnya thd jabatan
Mutlak | Penting | Perlu
A  Pendidikan | 1 Jenjang | Mininum Pendidikan Setara S2/Magister
2 Bidang Ilmu | Manajemen, Administrasi Pemerintahan, Administrasi Negara, Hukum, Psikologi, Farmasi, Kedokteran, Teknik, Sosial, MIPA
B.  Pelatihan | 1 Manajerial | Pelatihan KepemimpinanNasional Tingkat II(PIM II) | v
Pelatihan KepemimpinanNasional Tingkat I(PIM I) | v
2 Teknis | PelatihanManajemen SDM | v
PelatihanManajemenPerkantoran; | v
Regulatory Impact Assessment | v
3 Fungsional | Pelatihan barangdan jasa; | v
Pelatihan Perencana | v
Pelatihan arsiparis; | v
Pelatihan analiskepegawaian; | v
C. Pengalaman kerja | Memiliki pengalaman Jabatan dalam bidang tugas yang terkait dengankesekretariatan secarakumulatif paling singkat selama 7 (tujuh) tahun | v
Sedang atau pernahMenduduki JPT pratama atau JF jenjang ahli utamapaling singkat 2 (dua) tahun; | v
D. Pangkat | Paling rendah Pembina Utama Madya (IV/c)
E. Indikator Kinerja Jabatan | 1. Kualitas koordinasi pelaksanaan tugas2. Kualitas pembinaan pegawai3. Kualitas dukungan administrasi antara lain :    a. Nilai Indeks RB BPOM yang optimal    b. Nilai AKIP BPOM yang optimal    c. Persentase kerjasama efektif yang optimal    d. Persentase SDM BPOM yang memenuhi         standar kompetensi yang optimal    e. Opini atas laporan keuangan BPOM    f. Nilai kinerja anggaran BPOM"
10. Draft_SKJ_Inspektur_alx_edit - Inspektur 2 v2.docx,"STANDAR KOMPETENSI JABATAN
JABATAN PIMPINAN TINGGI PRATAMA
Nama Jabatan | : | Inspektur II
Kelompok Jabatan | : | Struktural
Urusan Pemerintah | : | Pengawasan Intern Pemerintah
Kode Jabatan | : | 1-03-16-01-12-000
JABATAN PIMPINAN TINGGI PRATAMA
IKHTISAR JABATAN
Ikhtisar Jabatan | Inspektur melaksanakan Pengawasan Intern berupa Layanan Jasa Asurans meliputi kegiatan audit, reviu, evaluasi, pemantauan, kegiatan pengawasan lain dan Layanan Jasa Konsultansi meliputi kegiatan pemberian saran dan jasa lainnya dalam rangka memberikan keyakinan yang memadai bahwa kegiatan telah dilaksanakan dengan tata kepemerintahan yang baik dan untuk memberikan nilai tambah dalam upaya meningkatkan proses tata kelola, manajemen risiko, dan kegiatan pengendalian terhadap penyelenggaraan tugas dan fungsi pada mitra kerja pengawasan intern tertentu.
STANDAR KOMPETENSI
Kompetensi | Level | Deskripsi | Indikator Kompetensi
Manajerial
Integritas | 4 | Mampu menciptakan situasi kerja yang mendorong kepatuhan pada nilai, norma, dan etika organisasi | Menciptakan situasi kerja yang mendorong seluruh pemangku kepentingan mematuhi nilai, norma, dan etika organisasi dalam segala situasi dan kondisi.Mendukung dan menerapkan prinsip moral dan standar etika yang tinggi, serta berani menanggung konsekuensinya.Berani melakukan koreksi atau mengambil Tindakan atas penyimpangan kode etik/ nilai-nilai yang dilakukan oleh orang lain, pada tataran lingkup kerja setingkat instansi meskipun ada resiko.
Kerjasama | 4 | Membangun komitmen tim, sinergi | Membangun sinergi antar unit kerja di lingkup instansi yang dipimpin;Memfasilitasi kepentingan yang berbeda dari unit kerja lain sehingga tercipta sinergi dalam rangka pencapaian target kerja organisasi;Mengembangkan sistem yang menghargai kerja sama antar unit, memberikan dukungan/semangat untuk memastikan tercapainya sinergi dalam rangka pencapaian target kerja organisasi.
Komunikasi | 4 | Mampu mengemukakan pemikiran multidimensi secara lisan dan tertulis untuk mendorong kesepakatan dengan tujuan meningkatkan kinerja secara keseluruhan | Mengintegrasikan informasi-informasi penting hasil diskusi dengan pihak lain untuk mendapatkan pemahaman yang sama; Berbagi informasi dengan pemangku kepentingan untuk tujuan meningkatkan kinerja secara keseluruhan;Menuangkan pemikiran/konsep yang multidimensi dalam bentuk tulisan formal;Menyampaikan informasi secara persuasif untuk mendorong pemangku kepentingan sepakat pada langkah-langkah bersama dengan tujuan meningkatkan kinerja secara keseluruhan.
Orientasi pada hasil | 4 | Mendorong unit kerja mencapai target yang ditetapkan atau melebihi hasil kerja sebelumnya | Mendorong unit kerja di tingkat instansi untuk mencapai kinerja yang melebihi target yang ditetapkan;Memantau dan mengevaluasi hasil kerja unitnya agar selaras dengan sasaran strategis instansi;Mendorong pemanfaatan sumber daya bersama antar unit kerja dalam rangka meningkatkan efektifitas dan efisiensi pencapaian target organisasi.
Pelayanan Publik | 4 | Mampu memonitor, mengevaluasi, memperhitungkan dan mengantisipasi dampak dari isu-isu jangka panjang, kesempatan, atau kekuatan politik dalam hal pelayanan kebutuhan pemangku kepentingan yang transparan, objektif, dan profesional. | Memahami dan memberi perhatian kepada isu-isu jangka panjang, kesempatan atau kekuatan politik yang mempengaruhi organisasi dalam hubungannya dengan dunia luar, memperhitungkan dan mengantisipasi dampak terhadap pelaksanaan tugas-tugas pelayanan publik secara objektif, transparan, dan profesional dalam lingkup organisasi;Menjaga agar kebijakan pelayanan publik yang diselenggarakan oleh instansinya telah selaras dengan standar pelayanan yang objektif, netral, tidak memihak, tidak diskriminatif, serta tidak terpengaruh kepentingan pribadi/kelompok/partai politik;Menerapkan strategi jangka panjang yang berfokus pada pemenuhan pemangku kepentingan dalam menyusun kebijakan dengan mengikuti standar objektif, netral, tidak memihak, tidak diskriminatif, transparan, tidak terpengaruh kepentingan pribadi/ kelompok.
Pengembangan diri dan orang lain | 4 | Menyusun program pengembangan jangka panjang dalam rangka mendorong manajemen pembelajaran | Menyusun program pengembangan jangka panjang bersama-sama dengan bawahan, termasuk di dalamnya penetapan tujuan, bimbingan, penugasan dan pengalaman lainnya, serta mengalokasikan waktu untuk mengikuti pelatihan/pendidikan/pengembangan kompetensi dan karir;Melaksanakan manajemen pembelajaran termasuk evaluasi dan umpan balik pada tataran organisasi;Mengembangkan orang-orang disekitarnya secara konsisten, melakukan kaderisasi untuk posisi-posisi di unit kerjanya.
Mengelola Perubahan | 4 | Memimpin perubahan pada unit kerja | Mengarahkan unit kerja untuk lebih siap dalam menghadapi perubahan termasuk memitigasi risiko yang mungkin terjadi;Memastikan perubahan sudah diterapkan secara aktif di lingkup unit kerjanya secara berkala;Memimpin dan memastikan penerapan program-program perubahan selaras antar unit kerja.
Pengambilan Keputusan | 4 | Menyelesaikan masalah yang mengandung risiko tinggi, mengantisipasi dampak keputusan, membuat tindakan pengamanan, mitigasi risiko | Menyusun dan/atau memutuskan konsep penyelesaian masalah yang melibatkan beberapa/seluruh fungsi dalam organisasi.Menghasilkan solusi dari berbagai masalah yang kompleks, terkait dengan bidang kerjanya yang berdampak pada pihak lain.Membuat keputusan dan mengantisipasi dampak keputusannya serta menyiapkan tindakan penanganannya (mitigasi risiko).
Sosial Kultural
Perekat Bangsa | 4 | Mendayagunakan perbedaan secara konstruktif dan kreatif untuk meningkatkan efektifitas organisasi | Menginisiasi dan merepresentasikan pemerintah di lingkungan kerja dan masyarakat untuk senantiasa menjaga persatuan dan kesatuan dalam keberagaman dan menerima segala bentuk perbedaan dalam kehidupan bermasyarakat; Mampu mendayagunakan perbedaan latar belakang, agama/kepercayaan, suku, gender, sosial ekonomi, preferensi politik untuk mencapai kelancaran pencapaian tujuan organisasi;Mampu membuat program yang mengakomodasi perbedaan latar belakang, agama/kepercayaan, suku, gender, sosial ekonomi, preferensi politik.
Teknis
Manajemen Audit (pengawasan) intern | 4 | Mampu berkolaborasi dengan rekan sejawat untuk mencapai tujuan organisasi, dan berkontribusi dalam perencanaan | Mampu melakukan evaluasi permasalahan Tim;Menyampaikan ekspektasi dan tujuan bisnis yang jelas serta mengaitkannya dengan strategi organisasi; Mampu menyusun perencanaan pengawasan intern berbasis risiko dengan mempertimbangkan kompetensi dan kapabilitas Tim.
Standar Audit | 4 | Mampu mengevaluasi pelaksanaan pengawasan intern dengan kebijakan organisasi APIP dan standar audit serta melaksanakan program pengembangan dan penjaminan kualitas | Mampu mengevaluasi pelaksanaan pengawasan intern dengan kebijakan organisasi APIP dan standar audit; Mampu memutuskan penggunaan dan Mampu mengevaluasi pelaksanaan pengawasan intern dengan kebijakan organisasi APIP dan standar audit; Mampu memutuskan penggunaan dan interpretasi Standar Audit Intern dengan tepat. Mampu melaksanakan program pengembangan dan penjaminan kualitas (quality assurance and improvement program).Mampu mengarahkan penggunaan kemahiran profesional dengan cermat dan saksama (due professional care) dalam pelaksanaan penugasan audit.
Tata Kelola, Manajemen Risiko, dan Pengendalian | 4 | Menilai penerapan Tata Kelola, Manajemen Risiko, dan Pengendalian organisasi dalam kegiatan pengawasan intern | Mampu menetapkan metodologi pengawasan intern yang tepat dalam mengevaluasi penerapan kerangka kerja tata kelola, manajemen risiko, dan pengendalian organisasi;Menilai penerapan Tata Kelola, Manajemen Risiko, dan Pengendalian organisasi;Memberikan saran perbaikan penerapan Tata Kelola, Manajemen Risiko, dan Pengendalian untuk pencapaian tujuan organisasi;Mampu mengevaluasi penerapan kesadaran atas risiko kecurangan (fraud) pada semua level organisasi.
Analisis Proses Bisnis Mitra Pengawasan | 4 | Mampu mengevaluasi strategi yang diterapkan mitra pengawasan dalam mencapai tujuan organisasinya | Mengevaluasi titik kritis mitra pengawasan dalam penugasan pengawasan intern;Mampu mengevaluasi keterkaitan tujuan program/kegiatan, risiko, dan pengendalian internal dalam mencapai tujuan strategis mitra pengawasan;Mampu mengevaluasi faktor-faktor lingkungan strategis yang berdampak pada mitra pengawasan.
Pelaksanaan Pengawasan Intern | 4 | Mampu mengendalikan teknis pelaksanaan pengawasan intern | Mampu mengendalikan teknis pelaksanaan pengawasan intern meliputi antara lain pengalokasian sumber daya yang optimal, pemilihan teknik yang tepat untuk pengumpulan data, analisis data, interpretasi, dan pelaporan untuk memastikan tujuan pengawasan intern tercapai;Mampu mereviu program kerja pengawasan intern meliputi antara ruang lingkup, sumber daya, jadwal untuk memastikan tujuan pengawasan intern tercapai; Mereviu usulan rekomendasi yang disusun tim untuk memastikan akar permasalahan dan memberikan perbaikan bagi organisasi dan telah didukung bukti-bukti akurat;Mampu mengevaluasi pelaksanaan dan hasil tindak lanjut untuk memonitor tindakan manajemen;
Pengembangan Metodologi Pengawasan | 4 | Mengembangkan pendekatan-pendekatan inovatif untuk meningkatkan aktivitas audit intern, dan mampu melatih tim dalam menerima perubahan di dalam aktivitas audit intern. | Mampu mengarahkan Tim Pengawasan Intern untuk menciptakan lingkungan yang mendukung perubahan; Mampu mendorong orang lain/tim pengawasan untuk mengajukan ide-ide inovatif dan memberikan umpan balik yang positif untuk memastikan bahwa ide-ide baru diterapkan dan memberikan kontribusi peningkatan kualitas pengawasan intern;Mampu mengevaluasi/ menilai hambatan-hambatan potensial dan sumber daya yang dibutuhkan untuk inisiatif perubahan; Mampu mengimplementasikan program perubahan pada seluruh fungsi audit intern dan tim audit intern.
PERSYARATAN JABATAN
Jenis Persyaratan | Uraian | Tingkat Pentingnya Terhadap Jabatan
Mutlak | Penting | Perlu
Pendidikan | Jenjang | S1 (Sarjana StrataI)
Bidang Ilmu | Sarjana Strata satu dengan program studi farmasi, kimia, biologi, Teknik, manajemen, ekonomi, akuntansi, hukum, atau program studi lain yang relevan dengan bidang tugas
Pelatihan | Manajerial | Pelatihan Kepemimpinan Nasional Tingkat III (PIM III) | ꓦ
Teknis | Pelatihan terkait tata kelola, manajemen risiko, atau pengendalian intern; | √
Pelatihan dan pembelajaran lain sesuai dengan tugas dan fungsi Inspektorat; | √
Fungsional | Pelatihan Fungsional Auditor Ahli Madya (Pengendali Teknis) | ꓦ
Sosial Kultural | Perekat bangsa / Management diversity | √
Pengalaman Kerja | Lulus pelatihan dasar bagi Calon PNS; dan/atauPaling kurang 2 (dua) tahun untuk perpindahan atau penyesuaian/inpassing | √
Pangkat | IV/b – Pembina
Indikator (Output) Kinerja Jabatan | Kualitas pengawasan intern Jasa Asurans yang memenuhi standar Kualitas pengawasan intern Jasa Konsultansi yang memenuhi standarKualitas kinerja penugasan pimpinan sesuai dengan tujuan penugasan."
11. Form SKJ JPT Pratama (Kepala Biro Umum)_rev1.docx,"STANDAR KOMPETENSI JABATAN PIMPINAN TINGGI PRATAMA
Nama Jabatan | : | Kepala Biro Umum
Kelompok Jabatan | : | Pimpinan Tinggi Pratama
Urusan Pemerintah | : | Pengawas Obat dan Makanan, Kesekretariatan
Kode Jabatan | : | 1-03-16-01-07-000
JABATAN PIMPINAN TINGGI PRATAMA
I.  IKHTISAR JABATAN
Ikhtisar Jabatan | Melaksanakan koordinasi, pembinaan, dan pemberian dukungan urusan kerumahtanggaan dan perlengkapan, urusan tata usaha dan protokol, pembinaan dan pengelolaan tata persuratan dan kearsipan, serta layanan pengadaan barang dan jasa di BPOM
II. STANDAR KOMPETENSI
Kompetensi | Level | Diskripsi | Indikator Kompetensi
A.  Manajerial
1. Integritas | 4 | Mampu menciptakan situasi kerja yang mendorong kepatuhan pada nilai, norma, dan etika organisasi | Menciptakan situasi kerja yang mendorong seluruh pemangku kepentingan mematuhi nilai, norma, dan etika organisasi dalam segala situasi dan kondisi;Mendukung dan menerapkan prinsip moral dan standar etika yang tinggi, serta berani menanggung konsekuensinya;Berani melakukan koreksi atau mengambil tindakan atas penyimpangan kode etik/nilai-nilai yang dilakukan oleh orang lain, pada tataran lingkup kerja setingkat instansi meskipun ada resiko.
2. Kerjasama | 4 | Membangun komitmen tim, sinergi | Membangun sinergi antar unit kerja di lingkup instansi yang dipimpin;Memfasilitasi kepentingan yang berbeda dari unit kerja lain sehingga tercipta sinergi dalam rangka pencapaian target kerja organisasi;Mengembangkan sistem yang menghargai kerja sama antar unit, memberikan dukungan / semangat  untuk memastikan tercapainya sinergi dalam rangka pencapaian target kerja organisasi.
3. Komunikasi | 4 | Mampu mengemukakan pemikiran multidimensi secara lisan dan tertulis untuk mendorong kesepakatan dengan tujuan meningkatkan kinerja secara keseluruhan | Mengintegrasikan informasi-informasi penting hasil diskusi dengan pihak lain untuk mendapatkan pemahaman yang sama; Berbagi informasi dengan pemangku kepentingan untuk tujuan meningkatkan kinerja secara keseluruhan;Menuangkan pemikiran/konsep yang multidimensi dalam bentuk tulisan formal;Menyampaikan informasi secara persuasif untuk mendorong pemangku kepentingan sepakat pada langkah-langkah bersama dengan tujuan meningkatkan kinerja secara keseluruhan.
4. Orientasi pada hasil | 4 | Mendorong unit kerja mencapai target yang ditetapkan atau melebihi hasil kerja sebelumnya | Mendorong unit kerja di tingkat instansi untuk mencapai kinerja yang melebihi target yang ditetapkan;Memantau dan mengevaluasi hasil kerja unitnya agar selaras dengan sasaran strategis instansi;Mendorong pemanfaatan sumber daya bersama antar unit kerja dalam rangka  meningkatkan efektifitas dan efisiensi pencapaian target organisasi.
5  Pelayanan Publik | 4 | Mampu memonitor, mengevaluasi, memperhitungkan dan mengantisipasi dampak dari isu-isu jangka panjang, kesempatan, atau kekuatan politik dalam hal pelayanan kebutuhan pemangku kepentingan yang transparan, objektif, dan profesional | Memahami dan memberi perhatian kepada isu-isu jangka panjang, kesempatan atau kekuatan politik yang mempengaruhi organisasi dalam hubungannya dengan dunia luar, memperhitungkan dan mengantisipasi dampak terhadap pelaksanaan tugas-tugas pelayanan publik secara objektif, transparan, dan professional dalam lingkup organisasi;Menjaga agar kebijakan pelayanan publik yang diselenggarakan oleh instansinya telah selaras dengan standar pelayanan yang objektif, netral, tidak memihak, tidak diskriminatif, serta tidak terpengaruh kepentingan pribadi/kelompok/partai politik;Menerapkan strategi jangka panjang yang berfokus pada pemenuhan kebutuhan pemangku kepentingan dalam menyusun kebijakan dengan mengikuti standar objektif, netral, tidak memihak, tidak diskriminatif, transparan, tidak terpengaruh kepentingan pribadi/kelompok
6  Pengembangan diri dan orang lain | 4 | Menyusun program pengembangan jangka panjang dalam rangka mendorong manajemen pembelajaran | Menyusun program pengembangan jangka panjang bersama-sama dengan bawahan, termasuk didalamnya penetapan tujuan, bimbingan, penugasan dan pengalaman lainnya, serta mengalokasikan waktu untuk mengikuti pelatihan / pendidikan / pengembangan kompetensi dan karir;Melaksanakan manajemen pembelajaran termasuk evaluasi dan umpan balik pada tataran organisasi;Mengembangkan orang-orang disekitarnya secara konsisten, melakukan kaderisasi untuk posisi-posisi di unit kerjanya
7. Mengelola Perubahan | 4 | Memimpin perubahan pada unit kerja | Mengarahkan unit kerja untuk lebih siap dalam menghadapi perubahan termasuk memitigasi risiko yang mungkin terjadi;Memastikan perubahan sudah diterapkan secara aktif di lingkup unit kerjanya secara berkala;Memimpin dan memastikan penerapan program-program perubahan selaras antar unit kerja
8. Pengambilan Keputusan | 4 | Menyelesaikan masalah yang mengandung risiko tinggi, mengantisipasi dampak keputusan, membuat tindakan pengamanan; mitigasi risiko | Menyusun dan/atau memutuskan konsep penyelesaian masalah yang melibatkan beberapa/seluruh fungsi dalam organisasi;Menghasilkan solusi dari berbagai masalah yang kompleks, terkait dengan bidang kerjanya yang berdampak pada pihak lain.Membuat keputusan dan mengantisipasi dampak keputusannya serta menyiapkan tindakan penanganannya (mitigasi risiko).
B   Sosial Kultural
9.  Perekat Bangsa | 4 | Mendayagunakan perbedaan secara konstruktif dan kreatif untuk meningkatkan efektifitas organisasi | Menginisiasi dan merepresentasikan pemerintah di lingkungan kerja dan masyarakat untuk senantiasa menjaga persatuan dan kesatuan dalam keberagaman dan menerima segala bentuk perbedaan dalam kehidupan bermasyarakat;Mampu mendayagunakan perbedaan latar belakang, agama/kepercayaan, suku, jender, sosial ekonomi, preferensi politik untuk mencapai kelancaran pencapaian tujuan organisasi;Mampu membuat program yang mengakomodasi perbedaan latar belakang, agama/kepercayaan, suku, jender, sosial ekonomi, preferensi politik.
C.  Teknis
10. Manajemen Perkantoran | 4 | Mampu melakukan rekomendasi manajemen perkantoran | Mampu memberikan rekomendasi pengelolaan persuratan, barang milik negara, kearsipan, keprotokolan, dan kesekretariatan lainnya secara tepat dan aplikatif untuk perbaikan pengelolaan.Mampu membuatkan  klasifikasi, standar dan sasaran untuk peningkatan kinerja secara berkesinambunganMampu melakukan perubahan pengelolaan persuratan, barang milik negara, kearsipan, keprotokolan, dan kesekretariatan lainnya yang berorientasi teknologi.
11.Pengelolaan Barang Milik Negara | 4 | Mampu mengevaluasi dan menyusun perangkat norma standar prosedur instrument dalam melakukan pengelolaan barang milik negara | Mampu melakukan evaluasi terhadap teknik/metode/sistem cara kerja, melakukan pengembangan atau perbaikan cara kerja pengelolaa barang milik negara yang lebih efektif dan efisienMampu menyusun pedoman, petunjuk teknis, cara kerja yang dijadikan norma, standar, prosedur, instrumen pelaksanaan pengelolaan barang milik negaraMampu meyakinkan dan memperoleh dukungan dari stakeholder terhadap pelaksanaan  pengelolaan  barang  milik negara,    memberikan    bimbingan    dan fasilitasi    kepada    instansi    lain    atau stakeholder terkait pengelolaan barang milik negara
12. Keprotokolan | 4 | Mengevaluasi penyelenggaraan keprotokolan | Mampu menilai penyelenggaraan keprotokolan yang ada.Mampu mengendalikan pelaksanaan keprotokolan Kementerian kepada pimpinan dan stakeholder protokol terkait.Mampu merekomendasikan rencana alternatif penyelenggaraan keprotokolan yang efektif.
13. Penyusunan Laporan Tindak Lanjut Hasil Pemeriksaan | 4 | Mengevaluasi proses penyelesaian tindak lanjut Hasil Pemeriksaaan | Mampu memvalidasi temuan hasil pemeriksaan.Mampu mengkoordinasikan temuan hasil pemeriksaan dengan stakeholder untuk ditindaklanjuti.Mampu mengarahkan perbaikan/koreksi temuan hasil pemeriksaan.
14. Pengadaan Barang dan Jasa | 4 | Mengevaluasi proses pelaksanaan pengadaan barang/jasa | Mampu mengukur keefektifan sistem pelaksanaan PBJ .Mampu mengoptimalkan kinerja sistem pelaksanaan PBJMengevaluasi kinerja perencanaan,persiapan dan pelaksanaan pengadaan barang dan jasa.
15. Kerumahtanggan (RT) | 4 | Mengevaluasi penyelenggaraan kerumahtanggaan organisasi | Mampu merumuskan langkah-langkah untuk peningkatan layanan kerumahtangganMampu menilai efektifitas tingkat pelayanan kerumahtanggaanMampu mengarahkan perbaikan dan peningkatan pelayanan kerumahtanggaan
III.  PERSYARATAN JABATAN
Jenis Persyaratan | Uraian | Tingkat pentingnya thd jabatan
Mutlak | Penting | Perlu
A  Pendidikan | Jenjang | Minimum Pendidikan Setara S2/Magister
2. Bidang Ilmu | 1. Farmasi/ Apoteker;2. Ekonomi/ Keuangan;3. Pertanian/ Pangan/ Peternakan;4. Dokter;5. Kesehatan;6. Kebijakan Publik/ Sosial;7. Teknik Sipil; atau8. Kualifikasi pendidikan yang relevan dengan tugas jabatan.
B.  Pelatihan | 1. Manajerial | Pelatihan Kepemimpinan Tingkat II (PIM II) | ✔
Pelatihan manajerial lain yang sesuai dengan kebutuhan jenjang Pendidikan | ✔
2. Teknis | Pelatihan Penyusunan Kebutuhan Pegawai; | ✔
Pelatihan Model Kompetensi; | ✔
Pelatihan Manajemen Perkantoran; | ✔
Pelatihan Auditor; | ✔
Pelatihan Pengawasan Kearsipan; | ✔
Pelatihan Analis Kebijakan; | ✔
Pelatihan Pengadaan Barang/Jasa; | ✔
Pelatihan Pengelolaan Barang Milik Negara | ✔
Pelatihan teknis lain yang sesuai dengan kebutuhan jenjang pendidikan | ✔
3. Fungsional | Pelatihan fungsional lain yang sesuai dengan kebutuhan jenjang pendidikan | ✔
C. Pengalaman kerja | Memiliki pengalaman Jabatan dalam bidang tugas yang terkait dengan sarana dan prasarana (umum) secara kumulatif paling singkat selama 5 (lima) tahun dan/ atauSedang atau pernah menduduki Administrator bidang  sarana dan prasarana (umum) atau JF jenjang ahli madya paling singkat 2 (dua) tahun. | ✔
D. Pangkat | Paling rendah Pembina Utama Muda (IV/b)
E. Indikator Kinerja Jabatan | Kualitas pengelolaan keuangan, rumah tangga, pengelolaan arsip, pengadaan Barang/Jasa, pengelolaan Barang Milik Negara dan perlengkapan, serta tata usaha dan protokolKualitas layanan pengelolaan keuangan, rumah tangga, pengelolaan arsip, pengadaan Barang/Jasa, pengelolaan Barang Milik Negara dan perlengkapan, serta tata usaha dan protokol"
12. Form SKJ Administrator (Kabag PBJ)_rev1.docx,"STANDAR KOMPETENSI JABATAN ADMINISTRATOR
Nama Jabatan | : | Kepala Bagian Pengadaan Barang dan Jasa
Kelompok Jabatan | : | Administrator
Urusan Pemerintah | : | Pengawas Obat dan Makanan, Kesekretariatan
Kode Jabatan | : | 2-04-16-01-07-100
JABATAN ADMINISTRATOR
IKHTISAR JABATAN
Ikhtisar Jabatan | ...............................
STANDAR KOMPETENSI
Kompetensi | Level | Diskripsi | Indikator Kompetensi
A.  Manajerial
1. Integritas | 3 | Mampu memastikan, menanamkan keyakinan bersama agar anggota yang dipimpin bertindak sesuai nilai, norma, dan etika organisasi, dalam lingkup formal | Memastikan anggota yang dipimpin bertindak sesuai dengan nilai, norma, dan etika organisasi dalam segala situasi dan kondisi;Mampu untuk memberi apresiasi dan teguran bagi anggota yang dipimpin agar bertindak selaras dengan nilai, norma, dan etika organisasi dalam segala situasi dan kondisi;Melakukan monitoring dan evaluasi terhadap penerapan sikap integritas di dalam unit kerja yang dipimpin.
2. Kerjasama | 3 | Efektif membangun tim kerja untuk peningkatan  kinerja organisasi | Melihat kekuatan/kelemahan anggota tim, membentuk tim  yang tepat, mengantisipasi kemungkinan hambatan, dan mencari solusi yang optimal;Mengupayakan dan mengutamakan pengambilan keputusan berdasarkan usulan-usulan anggota tim/kelompok, bernegosiasi secara efektif untuk upaya penyelesaikan pekerjaan yang menjadi target kinerja kelompok dan/atau unit kerja;Membangun aliansi dengan para pemangku kepentingan dalam rangka mendukung penyelesaian target kerja kelompok.
3. Komunikasi | 3 | Berkomunikasi secara asertif, terampil berkomunikasi lisan/ tertulis untuk menyampaikan informasi yang sensitif/ rumit/ kompleks | Menyampaikan suatu informasi yang sensitif/rumit dengan cara penyampaian dan kondisi yang tepat, sehingga dapat dipahami dan diterima oleh pihak lain; Menyederhanakan topik yang rumit dan sensitif sehingga lebih mudah dipahami dan diterima orang lain;Membuat laporan tahunan/periodik/ naskah/ dokumen/proposal yang kompleks; Membuat surat resmi yang sistematis dan tidak menimbulkan pemahaman yang berbeda; membuat proposal yang rinci dan lengkap;
4. Orientasi pada hasil | 3 | Menetapkan target kerja yang menantang bagi unit kerja, memberi apresiasi dan teguran untuk mendorong kinerja | Menetapkan target kinerja unit yang lebih tinggi dari target yang ditetapkan organisasi;Memberikan apresiasi dan teguran untuk mendorong pencapaian hasil unit kerjanya;Mengembangkan metode kerja yang lebih efektif dan efisien untuk mencapai target kerja unitnya.
5.  Pelayanan Publik | 3 | Mampu memanfaatkan kekuatan kelompok serta memperbaiki standar pelayanan publik di lingkup unit kerja | Memahami, mendeskripsikan pengaruh dan hubungan/kekuatan kelompok yang sedang berjalan di organisasi (aliansi atau persaingan), dan dampaknya terhadap unit kerja untuk menjalankan tugas pemerintahan secara profesional dan netral, tidak memihak;Menggunakan keterampilan dan pemahaman lintas organisasi untuk secara efektif memfasilitasi kebutuhan kelompok yang lebih besar dengan cara-cara yang mengikuti standar objektif, transparan, profesional, sehingga tidak merugikan para pihak di lingkup pelayanan publik unit kerjanya;Mengimplementasikan cara-cara yang efektif untuk memantau dan mengevaluasi masalah yang dihadapi pemangku kepentingan/masyarakat serta mengantisipasi kebutuhan mereka saat menjalankan tugas pelayanan publik di unit kerjanya.
6.  Pengembangan diri dan orang lain | 3 | Memberikan umpan balik, membimbing | Memberikan tugas-tugas yang menantang pada bawahan sebagai media belajar untuk mengembangkan kemampuannya;Mengamati bawahan dalam mengerjakan tugasnya dan memberikan umpan balik yang objektif dan jujur; melakukan diskusi dengan bawahan untuk memberikan bimbingan dan umpan balik yang berguna bagi bawahan;Mendorong kepercayaan diri bawahan; memberikan kepercayaan penuh pada bawahan untuk mengerjakan tugas dengan caranya sendiri; memberi kesempatan dan membantu bawahan menemukan peluang untuk berkembang.
7. Mengelola Perubahan | 3 | Membantu orang lain mengikuti perubahan, mengantisipasi perubahan secara tepat | Membantu orang lain dalam melakukan perubahan;Menyesuaikan prioritas kerja secara berulang-ulang jika diperlukan;Mengantisipasi perubahan yang dibutuhkan oleh unit kerjanya secara tepat. Memberikan solusi efektif terhadap masalah yang ditimbulkan oleh adanya perubahan.
8. Pengambilan Keputusan | 3 | Membandingkan berbagai alternatif, menyeimbangkan risiko keberhasilan dalam implementasi | Membandingkan berbagai alternatif tindakan dan implikasinya;Memilih alternatif solusi yang terbaik, membuat keputusan operasional mengacu pada alternatif solusi terbaik yang didasarkan pada analisis data yang sistematis, seksama, mengikuti prinsip kehati-hatian;Menyeimbangkan antara kemungkinan risiko dan keberhasilan dalam implementasinya.
B   Sosial Kultural
9.  Perekat Bangsa | 3 | Mempromosikan, mengembangkan sikap toleransi dan persatuan | Mempromosikan sikap menghargai perbedaan di antara orang-orang yang mendorong toleransi dan keterbukaan.Melakukan pemetaan sosial di masyarakat sehingga dapat memberikan respon yang sesuai dengan budaya yang berlaku. Mengidentifikasi potensi kesalah-pahaman yang diakibatkan adanya keragaman budaya yang ada Menjadi mediator untuk menyelesaikan konflik atau mengurangi dampak negatif dari konflik atau potensi konflik
C.  Teknis
10. Manajemen Perkantoran | 3 | Mampu menyelenggarakan membimbing pelaksanaan manajemen perkantoran | Mampu melakukan analisis terhadap hasil pengolahan data persuratan, barang milik negara, kearsipan, keprotokolan, dan kesekretariatanMampu memberikan bimbingan pegawai lain dilingkup organiasi dalam penyelenggaraan manajemen perkantoranMampu memecahkan masalah teknis operasional yang timbul dan mengambil keputusan dalam pelaksanaan manajemen perkantoran
11. Penyusunan Laporan Tindak Lanjut Hasil Pemeriksaan | 3 | Menganalisis penyusunan Laporan Tindak Lanjut Hasil Pemeriksaan. | Mampu mengidentifikasi permasalahan terkait penyusunan Laporan Tindak Lanjut Hasil Pemeriksaan.Mampu menganalisis proses penyusunan Laporan Tindak Lanjut Hasil Pemeriksaan.Mampu memberikan hasil analisis permasalahan penyusunan Laporan Tindak Lanjut Hasil Pemeriksaan.
12. Pengadaan Barang dan Jasa | 3 | Menganalisis proses PBJ | Mampu menganalisis sistem pelaksanaan PBJ.Mampu menelaah dan memetakan permasalahan terkait proses PBJ.Mampu menganalisis permasalahan terkait proses PBJ.Mampu membuat alternatif solusi permasalahan dalam proses PBJ.
13. Manajemen Mutu | 3 | Menganalisis gap antara harapan dan kenyataan serta hambatan yang ada dalam penerapan SMM pada suatu organisasi | Mampu menganalisa potensi penyimpangan pada setiap tahapan pekerjaanMampu menetapkan tahapan pekerjaan konstruksi yang rentan pencapaian mutuMampu menyiapkan rencana tindak pengendalian pada pekerjaan konstruksi yang rentan pencapaian mutu
III.  PERSYARATAN JABATAN
Jenis Persyaratan | Uraian | Tingkat pentingnya thd jabatan
Mutlak | Penting | Perlu
A  Pendidikan | 1  Jenjang | Memiliki kualifikasi dan tingkat pendidikan palingrendah sarjana atau diploma IV
2  Bidang Ilmu | 1. Farmasi/ Apoteker;2. Ekonomi/ Keuangan;3. Pertanian/ Pangan/ Peternakan;4. Dokter;5. Kesehatan;6. Kebijakan Publik/ Sosial;7. Teknik Sipil; atau8. Kualifikasi pendidikan yang relevan dengan tugas jabatan.
B.  Pelatihan | 1 Manajerial | Pelatihan Kepemimpinan Tingkat III (PIM III) | ✔
Pelatihan manajerial lain yang sesuai dengan kebutuhan jenjang pendidikan | ✔
2 Teknis | Manajemen Konstruksi | ✔
Manajemen Perencanaan Pembangunan | ✔
Manajemen Perencanaan | ✔
Manajemen Keuangan | ✔
Pelatihan teknis lain yang sesuai dengan kebutuhan jenjang pendidikan | ✔
3 Fungsional | Diklat Pengadaan Barang/Jasa | ✔
Pelatihan fungsional lain yang sesuai dengan kebutuhan jenjang pendidikan | ✔
C. Pengalaman kerja | Memiliki pengalaman pada Jabatan Pengawas paling singkat 3 (tiga) tahun atau JF yang setingkat dengan jabatan pengawas sesuai dengan bidang tugas Jabatan yang akan diduduki | ✔
D. Pangkat | Paling Rendah Penata Tk. I (III/d)
E. Indikator Kinerja Jabatan | 1. Indeks Tata Kelola Pengadaan Barang dan Jasa BPOM2. Indeks Pemanfaatan Sistem Pengadaan Barang/Jasa oleh Satker"
13. Form SKJ Administrator (Kabag PBMN)_rev1.docx,"STANDAR KOMPETENSI JABATAN ADMINISTRATOR
Nama Jabatan | : | Kepala Bagian Pengelolaan Barang Milik Negara
Kelompok Jabatan | : | Administrator
Urusan Pemerintah | : | Pengawas Obat dan Makanan, Kesekretariatan
Kode Jabatan | : | 2-04-16-01-07-200
JABATAN ADMINISTRATOR
IKHTISAR JABATAN
Ikhtisar Jabatan | ...............................
STANDAR KOMPETENSI
Kompetensi | Level | Diskripsi | Indikator Kompetensi
A.  Manajerial
1. Integritas | 3 | Mampu memastikan, menanamkan keyakinan bersama agar anggota yang dipimpin bertindak sesuai nilai, norma, dan etika organisasi, dalam lingkup formal | Memastikan anggota yang dipimpin bertindak sesuai dengan nilai, norma, dan etika organisasi dalam segala situasi dan kondisi;Mampu untuk memberi apresiasi dan teguran bagi anggota yang dipimpin agar bertindak selaras dengan nilai, norma, dan etika organisasi dalam segala situasi dan kondisi;Melakukan monitoring dan evaluasi terhadap penerapan sikap integritas di dalam unit kerja yang dipimpin.
2. Kerjasama | 3 | Efektif membangun tim kerja untuk peningkatan  kinerja organisasi | Melihat kekuatan/kelemahan anggota tim, membentuk tim  yang tepat, mengantisipasi kemungkinan hambatan, dan mencari solusi yang optimal;Mengupayakan dan mengutamakan pengambilan keputusan berdasarkan usulan-usulan anggota tim/kelompok, bernegosiasi secara efektif untuk upaya penyelesaikan pekerjaan yang menjadi target kinerja kelompok dan/atau unit kerja;Membangun aliansi dengan para pemangku kepentingan dalam rangka mendukung penyelesaian target kerja kelompok.
3. Komunikasi | 3 | Berkomunikasi secara asertif, terampil berkomunikasi lisan/ tertulis untuk menyampaikan informasi yang sensitif/ rumit/ kompleks | Menyampaikan suatu informasi yang sensitif/rumit dengan cara penyampaian dan kondisi yang tepat, sehingga dapat dipahami dan diterima oleh pihak lain; Menyederhanakan topik yang rumit dan sensitif sehingga lebih mudah dipahami dan diterima orang lain;Membuat laporan tahunan/periodik/ naskah/ dokumen/proposal yang kompleks; Membuat surat resmi yang sistematis dan tidak menimbulkan pemahaman yang berbeda; membuat proposal yang rinci dan lengkap;
4. Orientasi pada hasil | 3 | Menetapkan target kerja yang menantang bagi unit kerja, memberi apresiasi dan teguran untuk mendorong kinerja | Menetapkan target kinerja unit yang lebih tinggi dari target yang ditetapkan organisasi;Memberikan apresiasi dan teguran untuk mendorong pencapaian hasil unit kerjanya;Mengembangkan metode kerja yang lebih efektif dan efisien untuk mencapai target kerja unitnya.
5.  Pelayanan Publik | 3 | Mampu memanfaatkan kekuatan kelompok serta memperbaiki standar pelayanan publik di lingkup unit kerja | Memahami, mendeskripsikan pengaruh dan hubungan/kekuatan kelompok yang sedang berjalan di organisasi (aliansi atau persaingan), dan dampaknya terhadap unit kerja untuk menjalankan tugas pemerintahan secara profesional dan netral, tidak memihak;Menggunakan keterampilan dan pemahaman lintas organisasi untuk secara efektif memfasilitasi kebutuhan kelompok yang lebih besar dengan cara-cara yang mengikuti standar objektif, transparan, profesional, sehingga tidak merugikan para pihak di lingkup pelayanan publik unit kerjanya;Mengimplementasikan cara-cara yang efektif untuk memantau dan mengevaluasi masalah yang dihadapi pemangku kepentingan/masyarakat serta mengantisipasi kebutuhan mereka saat menjalankan tugas pelayanan publik di unit kerjanya.
6.  Pengembangan diri dan orang lain | 3 | Memberikan umpan balik, membimbing | Memberikan tugas-tugas yang menantang pada bawahan sebagai media belajar untuk mengembangkan kemampuannya;Mengamati bawahan dalam mengerjakan tugasnya dan memberikan umpan balik yang objektif dan jujur; melakukan diskusi dengan bawahan untuk memberikan bimbingan dan umpan balik yang berguna bagi bawahan;Mendorong kepercayaan diri bawahan; memberikan kepercayaan penuh pada bawahan untuk mengerjakan tugas dengan caranya sendiri; memberi kesempatan dan membantu bawahan menemukan peluang untuk berkembang.
7. Mengelola Perubahan | 3 | Membantu orang lain mengikuti perubahan, mengantisipasi perubahan secara tepat | Membantu orang lain dalam melakukan perubahan;Menyesuaikan prioritas kerja secara berulang-ulang jika diperlukan;Mengantisipasi perubahan yang dibutuhkan oleh unit kerjanya secara tepat. Memberikan solusi efektif terhadap masalah yang ditimbulkan oleh adanya perubahan.
8. Pengambilan Keputusan | 3 | Membandingkan berbagai alternatif, menyeimbangkan risiko keberhasilan dalam implementasi | Membandingkan berbagai alternatif tindakan dan implikasinya;Memilih alternatif solusi yang terbaik, membuat keputusan operasional mengacu pada alternatif solusi terbaik yang didasarkan pada analisis data yang sistematis, seksama, mengikuti prinsip kehati-hatian;Menyeimbangkan antara kemungkinan risiko dan keberhasilan dalam implementasinya.
B   Sosial Kultural
9.  Perekat Bangsa | 3 | Mempromosikan, mengembangkan sikap toleransi dan persatuan | Mempromosikan sikap menghargai perbedaan di antara orang-orang yang mendorong toleransi dan keterbukaan.Melakukan pemetaan sosial di masyarakat sehingga dapat memberikan respon yang sesuai dengan budaya yang berlaku. Mengidentifikasi potensi kesalah-pahaman yang diakibatkan adanya keragaman budaya yang ada Menjadi mediator untuk menyelesaikan konflik atau mengurangi dampak negatif dari konflik atau potensi konflik
C.  Teknis
10.Manajemen Perkantoran | 3 | Mampu melakukan rekomendasi manajemen perkantoran | Mampu melakukan analisis terhadap hasil pengolahan data persuratan, barang milik negara, kearsipan, keprotokolan, dan kesekretariatanMampu memberikan bimbingan pegawai lain dilingkup organiasi dalam penyelenggaraan manajemen perkantoranMampu memecahkan masalah teknis operasional yang timbul dan mengambil keputusan dalam pelaksanaan manajemen perkantoran
11. Pengelolaan Barang Milik Negara (BMN) | 3 | Mampu membimbing pelaksanaan pengelolaan barang milik negara | Mampu melakukan analisis terhadap pengelolaan barang milik negaraMampu mensosialisasikan kebijakan pengelolaan barang milik negara kepada pegawai dilingkungannyaMampu memecahkan masalah teknis operasional yang timbul dan mengambil keputusan dalam pelaksanaan pengelolaan barang milik negara
12. Penyusunan Laporan Tindak Lanjut Hasil Pemeriksaan | 3 | Menganalisis penyusunan Laporan Tindak Lanjut Hasil Pemeriksaan. | Mampu mengidentifikasi permasalahan terkait penyusunan Laporan Tindak Lanjut Hasil PemeriksaanMampu menganalisis proses penyusunan Laporan Tindak Lanjut Hasil PemeriksaanMampu memberikan hasil analisis permasalahan penyusunan Laporan Tindak Lanjut Hasil Pemeriksaan
12. Penyusunan Laporan BMN | 3 | Melakukan verifikasi terhadap akuntabilitas dan akurasi laporan BMN | Mampu mengidentifikasi jenis-jenis permasalahan dalam pengelolaan dan pengamanan asetMampu menelusuri sumber serta penyebab permasalahan dalam pengelolaan asetMampu menelusuri sumber serta penyebab permasalahan dalam pengamanan aset
13. Manajemen Mutu | 3 | Menganalisis gap antara harapan dan kenyataan serta hambatan yang ada dalam penerapan SMM pada suatu organisasi | Mampu menganalisa potensi penyimpangan pada setiap tahapan pekerjaanMampu menetapkan tahapan pekerjaan konstruksi yang rentan pencapaian mutuMampu menyiapkan rencana tindak pengendalian pada pekerjaan konstruksi yang rentan pencapaian mutu
III.  PERSYARATAN JABATAN
Jenis Persyaratan | Uraian | Tingkat pentingnya thd jabatan
Mutlak | Penting | Perlu
A  Pendidikan | 1  Jenjang | Memiliki kualifikasi dan tingkat pendidikan palingrendah sarjana atau diploma IV
2  Bidang Ilmu | Farmasi/ Apoteker;Ekonomi/ Keuangan;Pertanian/ Pangan/ Peternakan;Dokter;Kesehatan;Kebijakan Publik/ Sosial;Teknik Sipil; atauKualifikasi pendidikan yang relevan dengan tugas jabatan.
DB.  Pelatihan | 1 Manajerial | Pelatihan Kepemimpinan Tingkat III (PIM III) atau yang setara | √
Pelatihan manajerial lain yang sesuai dengan kebutuhan jenjang pendidikan | √
2 Teknis | Pengelolaan BMN | √
Manajemen Aset | √
Manajemen Perencanaan | √
Manajemen Keuangan | √
Pelatihan teknis lain yang sesuai dengan kebutuhan jenjang pendidikan | √
3 Fungsional | Pelatihan fungsional lain yang sesuai dengan kebutuhan jenjang pendidikan | √
C. Pengalaman kerja | Memiliki pengalaman pada Jabatan pengawas paling singkat 3 (tiga) tahun atau JF yang setingkat dengan Jabatan pengawas sesuai dengan bidang tugas Jabatan yang akan diduduki | √
D. Pangkat | Paling Rendah Penata Tk. I (III/d)
E. Indikator Kinerja Jabatan | Indeks Pengelolaan Aset BPOMPersentase Satker yang mampu Mengelola BMN dengan Baik"
14. Form SKJ Administrator (Kabag Rumah Tangga)_rev1.docx,"STANDAR KOMPETENSI JABATAN ADMINISTRATOR
Nama Jabatan | : | Kepala Bagian Rumah Tangga
Kelompok Jabatan | : | Administrator
Urusan Pemerintah | : | Pengawas Obat dan Makanan, Kesekretariatan
Kode Jabatan | : | 2-04-16-01-07-300
JABATAN ADMINISTRATOR
IKHTISAR JABATAN
Ikhtisar Jabatan | Melaksanakan perencanaan, pelaksanaan dan evaluasi urusan kerumahtanggaan di lingkungan BPOM Pusat
STANDAR KOMPETENSI
Kompetensi | Level | Diskripsi | Indikator Kompetensi
A.  Manajerial
1. Integritas | 3 | Mampu memastikan, menanamkan keyakinan bersama agar anggota yang dipimpin bertindak sesuai nilai, norma, dan etika organisasi, dalam lingkup formal | Memastikan anggota yang dipimpin bertindak sesuai dengan nilai, norma, dan etika organisasi dalam segala situasi dan kondisi;Mampu untuk memberi apresiasi dan teguran bagi anggota yang dipimpin agar bertindak selaras dengan nilai, norma, dan etika organisasi dalam segala situasi dan kondisi;Melakukan monitoring dan evaluasi terhadap penerapan sikap integritas di dalam unit kerja yang dipimpin.
2. Kerjasama | 3 | Efektif membangun tim kerja untuk peningkatan  kinerja organisasi | Melihat kekuatan/kelemahan anggota tim, membentuk tim  yang tepat, mengantisipasi kemungkinan hambatan, dan mencari solusi yang optimal;Mengupayakan dan mengutamakan pengambilan keputusan berdasarkan usulan-usulan anggota tim/kelompok, bernegosiasi secara efektif untuk upaya menyelesaikan pekerjaan yang menjadi target kinerja kelompok dan/atau unit kerja;Membangun aliansi dengan para pemangku kepentingan dalam rangka mendukung penyelesaian target kerja kelompok.
3. Komunikasi | 3 | Berkomunikasi secara asertif, terampil berkomunikasi lisan/ tertulis untuk menyampaikan informasi yang sensitif/ rumit/ kompleks | Menyampaikan suatu informasi yang sensitif/rumit dengan cara penyampaian dan kondisi yang tepat, sehingga dapat dipahami dan diterima oleh pihak lain; Menyederhanakan topik yang rumit dan sensitif sehingga lebih mudah dipahami dan diterima orang lain;Membuat laporan tahunan/periodik/ naskah/ dokumen/proposal yang kompleks; Membuat surat resmi yang sistematis dan tidak menimbulkan pemahaman yang berbeda; membuat proposal yang rinci dan lengkap;
4. Orientasi pada hasil | 3 | Menetapkan target kerja yang menantang bagi unit kerja, memberi apresiasi dan teguran untuk mendorong kinerja | Menetapkan target kinerja unit yang lebih tinggi dari target yang ditetapkan organisasi;Memberikan apresiasi dan teguran untuk mendorong pencapaian hasil unit kerjanya;Mengembangkan metode kerja yang lebih efektif dan efisien untuk mencapai target kerja unitnya.
5.  Pelayanan Publik | 3 | Mampu memanfaatkan kekuatan kelompok serta memperbaiki standar pelayanan publik di lingkup unit kerja | Memahami, mendeskripsikan pengaruh dan hubungan/kekuatan kelompok yang sedang berjalan di organisasi (aliansi atau persaingan), dan dampaknya terhadap unit kerja untuk menjalankan tugas pemerintahan secara profesional dan netral, tidak memihak;Menggunakan keterampilan dan pemahaman lintas organisasi untuk secara efektif memfasilitasi kebutuhan kelompok yang lebih besar dengan cara-cara yang mengikuti standar objektif, transparan, profesional, sehingga tidak merugikan para pihak di lingkup pelayanan publik unit kerjanya;Mengimplementasikan cara-cara yang efektif untuk memantau dan mengevaluasi masalah yang dihadapi pemangku kepentingan/masyarakat serta mengantisipasi kebutuhan mereka saat menjalankan tugas pelayanan publik di unit kerjanya.
6.  Pengembangan diri dan orang lain | 3 | Memberikan umpan balik, membimbing | Memberikan tugas-tugas yang menantang pada bawahan sebagai media belajar untuk mengembangkan kemampuannya;Mengamati bawahan dalam mengerjakan tugasnya dan memberikan umpan balik yang objektif dan jujur; melakukan diskusi dengan bawahan untuk memberikan bimbingan dan umpan balik yang berguna bagi bawahan;Mendorong kepercayaan diri bawahan; memberikan kepercayaan penuh pada bawahan untuk mengerjakan tugas dengan caranya sendiri; memberi kesempatan dan membantu bawahan menemukan peluang untuk berkembang.
7. Mengelola Perubahan | 3 | Membantu orang lain mengikuti perubahan, mengantisipasi perubahan secara tepat | Membantu orang lain dalam melakukan perubahan;Menyesuaikan prioritas kerja secara berulang-ulang jika diperlukan;Mengantisipasi perubahan yang dibutuhkan oleh unit kerjanya secara tepat. Memberikan solusi efektif terhadap masalah yang ditimbulkan oleh adanya perubahan.
8. Pengambilan Keputusan | 3 | Membandingkan berbagai alternatif, menyeimbangkan risiko keberhasilan dalam implementasi | Membandingkan berbagai alternatif tindakan dan implikasinya;Memilih alternatif solusi yang terbaik, membuat keputusan operasional mengacu pada alternatif solusi terbaik yang didasarkan pada analisis data yang sistematis, seksama, mengikuti prinsip kehati-hatian;Menyeimbangkan antara kemungkinan risiko dan keberhasilan dalam implementasinya.
B   Sosial Kultural
9.  Perekat Bangsa | 3 | Mempromosikan, mengembangkan sikap toleransi dan persatuan | Mempromosikan sikap menghargai perbedaan di antara orang-orang yang mendorong toleransi dan keterbukaan.Melakukan pemetaan sosial di masyarakat sehingga dapat memberikan respon yang sesuai dengan budaya yang berlaku. Mengidentifikasi potensi kesalah-pahaman yang diakibatkan adanya keragaman budaya yang ada Menjadi mediator untuk menyelesaikan konflik atau mengurangi dampak negatif dari konflik atau potensi konflik
C.  Teknis
10.Manajemen Perkantoran | 3 | Mampu melakukan rekomendasi manajemen perkantoran | Mampu melakukan analisis terhadap hasil pengolahan data persuratan, barang milik negara, kearsipan, keprotokolan, dan kesekretariatanMampu memberikan bimbingan pegawai lain di lingkup organisasi dalam penyelenggaraan manajemen perkantoranMampu memecahkan masalah teknis operasional yang timbul dan mengambil keputusan dalam pelaksanaan manajemen perkantoran
11. Penyusunan Laporan Tindak Lanjut Hasil Pemeriksaan | 3 | Menganalisis penyusunan Laporan Tindak Lanjut Hasil Pemeriksaan. | Mampu mengidentifikasi permasalahan terkait penyusunan Laporan Tindak Lanjut Hasil PemeriksaanMampu menganalisis proses penyusunan Laporan Tindak Lanjut Hasil PemeriksaanMampu memberikan hasil analisis permasalahan penyusunan Laporan Tindak Lanjut Hasil Pemeriksaan
12. Pengelolaan Aset | 3 | Menganalisis permasalahan pengelolaan dan pengamanan aset | Mampu mengidentifikasi jenis-jenis permasalahan dalam pengelolaan dan pengamanan asetMampu menelusuri sumber serta penyebab permasalahan dalam pengelolaan asetMampu menelusuri sumber serta penyebab permasalahan dalam pengamanan aset
13. Kerumahtanggan | 3 | Menganalisis penyelenggaraan kerumahtanggaan organisasi | Mampu menelaah gap antara penyediaan pelayanan dengan kebutuhan kerumahtanggaanMampu menelaah permasalahan pelayanan kerumahtanggaanMampu menelaah faktor-faktor yang berpengaruh terhadap peningkatan pelayanan kerumahtanggaan
14. Manajemen Mutu | 3 | Menganalisis gap antara harapan dan kenyataan serta hambatan yang ada dalam penerapan SMM pada suatu organisasi | Mampu menganalisa potensi penyimpangan pada setiap tahapan pekerjaanMampu menetapkan tahapan pekerjaan yang menjadi tugas pokok di unit kerja yang rentan pencapaian mutuMampu menyiapkan rencana tindak pengendalian pada pekerjaan yang menjadi tugas pokok di unit kerja yang rentan pencapaian mutu.
III.  PERSYARATAN JABATAN
Jenis Persyaratan | Uraian | Tingkat pentingnya thd jabatan
Mutlak | Penting | Perlu
A  Pendidikan | 1  Jenjang | Memiliki kualifikasi dan tingkat pendidikan palingrendah sarjana atau diploma IV
2  Bidang Ilmu | Bidang Ilmu rumpun:Farmasi/ Apoteker;Ekonomi/ Keuangan;Pertanian/ Pangan/ Peternakan;Dokter;Kesehatan;Kebijakan Publik/ Sosial;Teknik Sipil; atauKualifikasi pendidikan yang relevan dengan tugas jabatan.
DB.  Pelatihan | 1 Manajerial | Pelatihan Kepemimpinan Tingkat III (PIM III) atau yang setara | √
Pelatihan manajerial lain yang sesuai dengan kebutuhan jenjang pendidikan | √
2 Teknis | Pengelolaan Arsip | √
Manajemen Aset | √
Kesehatan dan Keselamatan kerja (K3) | √
Manajemen Perencanaan | √
Manajemen Keuangan | √
Pelatihan teknis lain yang sesuai dengan kebutuhan jenjang pendidikan | √
3 Fungsional | Pelatihan fungsional lain yang sesuai dengan kebutuhan jenjang pendidikan | √
C. Pengalaman kerja | Memiliki pengalaman pada Jabatan pengawas paling singkat 3 (tiga) tahun atau JF yang setingkat dengan Jabatan pengawas sesuai dengan bidang tugas Jabatan yang akan diduduki; | √
D. Pangkat | Paling Rendah Penata Tk. I (III/d)
E. Indikator Kinerja Jabatan | Nilai Hasil Pengawasan KearsipanPersentase Pemenuhan Sarana Prasarana Penunjang Kinerja Pengawasan Obat dan Makanan Sesuai PerencanaanPersentase Unit Kerja yang Mampu Mengelola Arsip dengan Baik Sesuai Standar Pengelolaan Kearsipan"
15. Form SKJ Administrator (Kabag PKP)_rev1.docx,"STANDAR KOMPETENSI JABATAN ADMINISTRATOR
Nama Jabatan | : | Kepala Bagian Protokol dan Kesekretariatan Pimpinan
Kelompok Jabatan | : | Administrator
Urusan Pemerintah | : | Pengawas Obat dan Makanan, Kesekretariatan
Kode Jabatan | : | 2-04-16-01-07-400
JABATAN ADMINISTRATOR
IKHTISAR JABATAN
Ikhtisar Jabatan | ...............................
STANDAR KOMPETENSI
Kompetensi | Level | Diskripsi | Indikator Kompetensi
A.  Manajerial
1. Integritas | 3 | Mampu memastikan, menanamkan keyakinan bersama agar anggota yang dipimpin bertindak sesuai nilai, norma, dan etika organisasi, dalam lingkup formal | Memastikan anggota yang dipimpin bertindak sesuai dengan nilai, norma, dan etika organisasi dalam segala situasi dan kondisi;Mampu untuk memberi apresiasi dan teguran bagi anggota yang dipimpin agar bertindak selaras dengan nilai, norma, dan etika organisasi dalam segala situasi dan kondisi;Melakukan monitoring dan evaluasi terhadap penerapan sikap integritas di dalam unit kerja yang dipimpin.
2. Kerjasama | 3 | Efektif membangun tim kerja untuk peningkatan  kinerja organisasi | Melihat kekuatan/kelemahan anggota tim, membentuk tim  yang tepat, mengantisipasi kemungkinan hambatan, dan mencari solusi yang optimal;Mengupayakan dan mengutamakan pengambilan keputusan berdasarkan usulan-usulan anggota tim/kelompok, bernegosiasi secara efektif untuk upaya penyelesaikan pekerjaan yang menjadi target kinerja kelompok dan/atau unit kerja;Membangun aliansi dengan para pemangku kepentingan dalam rangka mendukung penyelesaian target kerja kelompok.
3. Komunikasi | 3 | Berkomunikasi secara asertif, terampil berkomunikasi lisan/ tertulis untuk menyampaikan informasi yang sensitif/ rumit/ kompleks | Menyampaikan suatu informasi yang sensitif/rumit dengan cara penyampaian dan kondisi yang tepat, sehingga dapat dipahami dan diterima oleh pihak lain; Menyederhanakan topik yang rumit dan sensitif sehingga lebih mudah dipahami dan diterima orang lain;Membuat laporan tahunan/periodik/ naskah/ dokumen/proposal yang kompleks;Membuat surat resmi yang sistematis dan tidak menimbulkan pemahaman yang berbeda; membuat proposal yang rinci dan lengkap;
4. Orientasi pada hasil | 3 | Menetapkan target kerja yang menantang bagi unit kerja, memberi apresiasi dan teguran untuk mendorong kinerja | Menetapkan target kinerja unit yang lebih tinggi dari target yang ditetapkan organisasi;Memberikan apresiasi dan teguran untuk mendorong pencapaian hasil unit kerjanya;Mengembangkan metode kerja yang lebih efektif dan efisien untuk mencapai target kerja unitnya.
5.  Pelayanan Publik | 3 | Mampu memanfaatkan kekuatan kelompok serta memperbaiki standar pelayanan publik di lingkup unit kerja | Memahami, mendeskripsikan pengaruh dan hubungan/kekuatan kelompok yang sedang berjalan di organisasi (aliansi atau persaingan), dan dampaknya terhadap unit kerja untuk menjalankan tugas pemerintahan secara profesional dan netral, tidak memihak;Menggunakan keterampilan dan pemahaman lintas organisasi untuk secara efektif memfasilitasi kebutuhan kelompok yang lebih besar dengan cara-cara yang mengikuti standar objektif, transparan, profesional, sehingga tidak merugikan para pihak di lingkup pelayanan publik unit kerjanya;Mengimplementasikan cara-cara yang efektif untuk memantau dan mengevaluasi masalah yang dihadapi pemangku kepentingan/masyarakat serta mengantisipasi kebutuhan mereka saat menjalankan tugas pelayanan publik di unit kerjanya.
6.  Pengembangan diri dan orang lain | 3 | Memberikan umpan balik, membimbing | Memberikan tugas-tugas yang menantang pada bawahan sebagai media belajar untuk mengembangkan kemampuannya;Mengamati bawahan dalam mengerjakan tugasnya dan memberikan umpan balik yang objektif dan jujur; melakukan diskusi dengan bawahan untuk memberikan bimbingan dan umpan balik yang berguna bagi bawahan;Mendorong kepercayaan diri bawahan; memberikan kepercayaan penuh pada bawahan untuk mengerjakan tugas dengan caranya sendiri; memberi kesempatan dan membantu bawahan menemukan peluang untuk berkembang.
7. Mengelola Perubahan | 3 | Membantu orang lain mengikuti perubahan, mengantisipasi perubahan secara tepat | Membantu orang lain dalam melakukan perubahan;Menyesuaikan prioritas kerja secara berulang-ulang jika diperlukan;Mengantisipasi perubahan yang dibutuhkan oleh unit kerjanya secara tepat. Memberikan solusi efektif terhadap masalah yang ditimbulkan oleh adanya perubahan.
8. Pengambilan Keputusan | 3 | Membandingkan berbagai alternatif, menyeimbangkan risiko keberhasilan dalam implementasi | Membandingkan berbagai alternatif tindakan dan implikasinya;Memilih alternatif solusi yang terbaik, membuat keputusan operasional mengacu pada alternatif solusi terbaik yang didasarkan pada analisis data yang sistematis, seksama, mengikuti prinsip kehati-hatian;Menyeimbangkan antara kemungkinan risiko dan keberhasilan dalam implementasinya.
B   Sosial Kultural
9.  Perekat Bangsa | 3 | Mempromosikan, mengembangkan sikap toleransi dan persatuan | Mempromosikan sikap menghargai perbedaan di antara orang-orang yang mendorong toleransi dan keterbukaan.Melakukan pemetaan sosial di masyarakat sehingga dapat memberikan respon yang sesuai dengan budaya yang berlaku. Mengidentifikasi potensi kesalah-pahaman yang diakibatkan adanya keragaman budaya yang ada Menjadi mediator untuk menyelesaikan konflik atau mengurangi dampak negatif dari konflik atau potensi konflik
C.  Teknis
10. Manajemen Perkantoran | 3 | Mampu menyelenggarakan membimbing pelaksanaan manajemen perkantoran | Mampu melakukan analisis terhadap hasil pengolahan data persuratan, barang milik negara, kearsipan, keprotokolan, dan kesekretariatanMampu memberikan bimbingan pegawai lain dilingkup organiasi dalam penyelenggaraan manajemen perkantoranMampu memecahkan masalah teknis operasional yang timbul dan mengambil keputusan dalam pelaksanaan manajemen perkantoran
11. Penyusunan Laporan Pimpinan | 3 | Menganalisa laporan pimpinan. | Mampu mengkaji data dan informasi untuk penyusunan laporan pimpinan.Mampu menelaah kualitas laporan pimpinan.Mereview konsep laporan pimpinan
12. Keprotokolan | 3 | Menganalisis penyelenggaraan keprotokolan | Mampu menelaah faktor-faktor penghambat penyelenggaraan keprotokolan.Mampu menelaah permasalahan yang terjadi dalam penyelenggaraan keprotokolan.Mampu menata dan mengantisipasi persiapan dan pelaksanaan kegiatan keprotokolan sesuai situasi dan kondisi acara resmi dan acara formal Pimpinan berdasarkan peraturan yang berlaku
13. Penyusunan Laporan Tindak Lanjut Hasil Pemeriksaan | 3 | Menganalisis penyusunan Laporan Tindak Lanjut Hasil Pemeriksaan. | Mampu mengidentifikasi permasalahan terkait penyusunan Laporan Tindak Lanjut Hasil Pemeriksaan.Mampu menganalisis proses penyusunan Laporan Tindak Lanjut Hasil Pemeriksaan.Mampu memberikan hasil analisis permasalahan penyusunan Laporan Tindak Lanjut Hasil Pemeriksaan.
14. Manajemen Mutu | 3 | Menganalisis gap antara harapan dan kenyataan serta hambatan yang ada dalam penerapan SMM pada suatu organisasi | Mampu menganalisa potensi penyimpangan pada setiap tahapan pekerjaanMampu menetapkan tahapan pekerjaan konstruksi yang rentan pencapaian mutuMampu menyiapkan rencana tindak pengendalian pada pekerjaan konstruksi yang rentan pencapaian mutu
III.  PERSYARATAN JABATAN
Jenis Persyaratan | Uraian | Tingkat pentingnya thd jabatan
Mutlak | Penting | Perlu
A  Pendidikan | 1  Jenjang | Memiliki kualifikasi dan tingkat pendidikan palingrendah sarjana atau diploma IV
2  Bidang Ilmu | 1. Farmasi/ Apoteker;2. Ekonomi/ Keuangan;3. Pertanian/ Pangan/ Peternakan;4. Dokter;5. Kesehatan;6. Kebijakan Publik/ Sosial;7. Teknik Sipil; atau8. Kualifikasi pendidikan yang relevan dengan tugas jabatan.
B. Pelatihan | 1 Manajerial | Pelatihan Kepemimpinan Tingkat III (PIM III) | ✔
Pelatihan manajerial lain yang sesuai dengan kebutuhan jenjang pendidikan | ✔
2 Teknis | Manajemen Keprotokolan | ✔
Pengelolaan Arsip | ✔
Manajemen Perencanaan | ✔
Manajemen Keuangan | ✔
Pelatihan teknis lain yang sesuai dengan kebutuhan jenjang pendidikan | ✔
3 Fungsional | Pelatihan fungsional lain yang sesuai dengan kebutuhan jenjang pendidikan | ✔
C. Pengalaman kerja | Memiliki pengalaman pada Jabatan Pengawas paling singkat 3 (tiga) tahun atau JF yang setingkat dengan jabatan pengawas sesuai dengan bidang tugas Jabatan yang akan diduduki | ✔
D. Pangkat | Paling Rendah Penata Tk. I (III/d)
E. Indikator Kinerja Jabatan | Persentase keberhasilan koordinasi dalam layanan keprotokolan dan kesekretariatan pimpinan"
16. Form SKJ Pengawas (Kasubag Protokol)_Rev.docx,"STANDAR KOMPETENSI JABATAN PENGAWAS
Nama Jabatan | : | Kepala Subbagian Protokol
Kelompok Jabatan | : | Pengawas
Urusan Pemerintah | : | Pengawas Obat dan Makanan, Kesekretariatan
Kode Jabatan | : | 2-05-16-01-07-410
JABATAN PENGAWAS
IKHTISAR JABATAN
Ikhtisar Jabatan | Melaksanakan perencanaan, pelaksanaan dan evaluasia urusan tata usaha pimpinan dan keprotokolan BPOM.
STANDAR KOMPETENSI
Kompetensi | Level | Deskripsi | Indikator Kompetensi
A.  Manajerial
1. Integritas | 2 | Mampu mengingatkan, mengajak rekan kerja untuk bertindak sesuai nilai, norma, dan etika organisasi | Mengingatkan rekan kerja untuk bertindak sesuai dengan nilai, norma, dan etika organisasi dalam segala situasi dan kondisi; Mengajak orang lain untuk bertindak sesuai etika dan kode etik;Menerapkan norma-norma secara konsisten dalam setiap situasi, pada unit kerja terkecil/kelompok kerjanya;Memberikan informasi yang dapat dipercaya sesuai dengan etika organisasi.
2. Kerjasama | 2 | Menumbuhkan tim kerja yang partisipatif dan efektif | Membantu orang lain dalam menyelesaikan tugas-tugas mereka untuk mendukung sasaran tim;Berbagi informasi yang relevan atau bermanfaat pada anggota tim; mempertimbangkan masukan dan keahlian anggota dalam tim/kelompok kerja serta bersedia untuk belajar dari orang lain;Membangun komitmen yang tinggi untuk menyelesaikan tugas tim.
3. Komunikasi | 2 | Aktif menjalankan komunikasi secara formal dan informal ; Bersedia mendengarkan orang lain, menginterpretasikan pesan dengan respon yang sesuai, mampu menyusun materi presentasi, pidato, naskah, laporan, dll | Menggunakan gaya komunikasi informal untuk meningkatkan hubungan profesional;Mendengarkan pihak lain secara aktif; menangkap dan menginterpretasikan pesan-pesan dari orang lain, serta memberikan respon yang sesuai;Membuat materi presentasi, pidato, draft naskah, laporan dll sesuai arahan pimpinan
4. Orientasi pada hasil | 2 | Berupaya meningkatkan hasil kerja pribadi yang lebih tinggi dari standar yang ditetapkan, mencari, mencoba metode alternatif untuk peningkatan kinerja | Menetapkan dan  berupaya mencapai standar kerja pribadi yang lebih tinggi dari standar kerja yang ditetapkan organisasi;Mencari, mencoba metode kerja alternatif untuk meningkatkan hasil kerjanya;Memberi contoh kepada orang-orang di unit kerjanya untuk mencoba menerapkan metode kerja yang lebih efektif yang sudah dilakukannya.
5.  Pelayanan Publik | 2 | Mampu mensupervisi/ mengawasi/menyelia dan menjelaskan proses pelaksanaan tugas tugas pemerintahan/ pelayanan publik secara transparan | Menunjukan sikap yakin dalam mengerjakan tugas-tugas pemerintahan/pelayanan publik, mampu menyelia dan menjelaskan secara obyektif bila ada yang mempertanyakan kebijakan yang diambil;Secara aktif mencari informasi untuk mengenali kebutuhan pemangku kepentingan agar dapat menjalankan pelaksanaan tugas pemerintahan, pembangunan dan pelayanan publik secara cepat dan tanggap;Mampu mengenali dan memanfaatkan kebiasaan, tatacara, situasi tertentu sehingga apa yang disampaikan menjadi perhatian pemangku kepentingan dalam hal penyelesaian tugas-tugas pemerintahan, pembangunan dan pelayanan publik.
6.  Pengembangan diri dan orang lain | 2 | Meningkatkan kemampuan bawahan dengan memberikan contoh dan penjelasan cara melaksanakan suatu pekerjaan | Meningkatkan kemampuan bawahan dengan memberikan contoh, instruksi, penjelasan dan petunjuk praktis yang jelas kepada bawahan dalam menyelesaikan suatu pekerjaan;Membantu bawahan untuk mempelajari proses, program atau sistem baru;Menggunakan metode lain untuk meyakinkan bahwa orang lain telah memahami penjelasan atau pengarahan.
7. Mengelola Perubahan | 2 | Proaktif beradaptasi mengikuti perubahan | Menyesuaikan cara kerja lama dengan menerapkan metode/proses baru selaras dengan ketentuan yang berlaku tanpa arahan orang lain;Mengembangkan kemampuan diri untuk menghadapi perubahan;Cepat dan tanggap dalam menerima perubahan.
8. Pengambilan Keputusan | 2 | Menganalisis masalah secara mendalam | Melakukan analisis secara mendalam terhadap informasi yang tersedia dalam upaya mencari solusi;Mempertimbangkan berbagai alternatif yang ada sebelum membuat kesimpulan; Membuat keputusan operasional berdasarkan kesimpulan dari berbagai sumber informasi sesuai dengan pedoman yang ada.
B   Sosial Kultural
9.  Perekat Bangsa | 2 | Aktif mengembangkan sikap saling menghargai, menekankan persamaan dan persatuan | Menampilkan sikap dan perilaku yang peduli akan nilai-nilai keberagaman dan menghargai perbedaan;Membangun hubungan baik antar individu dalam organisasi, mitra kerja, pemangku kepentingan;Bersikap tenang, mampu mengendalikan emosi, kemarahan dan frustasi dalam menghadapi pertentangan yang ditimbulkan oleh perbedaan latar belakang, agama/kepercayaan, suku, jender, sosial ekonomi, preferensi politik di lingkungan unit kerjanya.
C.  Teknis
10.Manajemen Perkantoran | 2 | Mampu melaksanakan manajemen perkantoran sesuai pedoman/petunjuk teknis | Mampu mengumpulkan data-data yang mencakup pengelolaan persuratan, barang milik negara, kearsipan, keprotokolan, dan kesekretariatan.Mampu menyajikan data keuangan.Mampu mengolah data-data yang mencakup pengelolaan persuratan, barang milik negara, kearsipan, keprotokolan, dan kesekretariatan.
11.Penyusunan Laporan Pimpinan | 2 | Menyusun laporan pimpinan | Mampu mengidentifikasi kebutuhan data informasi untuk penyusunan laporan pimpinan.Mampu mengumpulkan serta mengelompokkan data dan bahan untuk penyusunan laporan pimpinan.Mampu menyusun konsep laporan pimpinan.
12. Keprotokolan | 2 | Menyelenggarakan keprotokolan | Mampu menerapkan aturan tata tempat sesuai situasi dan kondisi pelaksanaan acara resmi Kementerian dan acara formal Pimpinan lainnya.Mampu menerapkan aturan tata upacara sesuai situasi dan kondisi pelaksanaan acara resmi Kementerian dan acara formal Pimpinan lainnya.Mampu menerapkan aturan tata penghormatan sesuai situasi dan kondisi pelaksanaan acara resmi Kementerian dan acara formal Pimpinan lainnya.
III.  PERSYARATAN JABATAN
Jenis Persyaratan | Uraian | Tingkat pentingnya thd jabatan
Mutlak | Penting | Perlu
A. Pendidikan | 1  Jenjang | Memiliki kualifikasi dan tingkat pendidikan paling rendah diploma III atau yang setara
2  Bidang Ilmu | Farmasi/ Apoteker;Ekonomi/ Keuangan;Pertanian/ Pangan/ Peternakan;Dokter;Kesehatan;Kebijakan Publik/ Sosial;Teknik Sipil; atauKualifikasi pendidikan yang relevan dengan tugas jabatan.
B. Pelatihan | 1  Manajerial | Pelatihan KepemimpinanTingkat IV (PIM IV) atau yang setara | √
Pelatihan Manajerial lain yang sesuai dengan Kebutuhan Jenjang Pendidikan | √
2  Teknis | Perencanaan Program dan Anggaran | √
Kearsipan | √
Layanan Keprotokolan | √
Manajemen SDM | √
Pelatihan Kepemimpinan Administrator | √
Pelatihan Teknis lain yang sesuai dengan Kebutuhan Jenjang Pendidikan | √
3  Fungsional | Pelatihan Fungsional lain yang sesuai dengan Kebutuhan Jenjang Pendidikan | √
C. Pengalaman kerja | Memiliki pengalaman dalam Jabatan pelaksana paling singkat 4 (empat) tahun atau JF yang setingkat dengan Jabatan pelaksana sesuai dengan bidang tugas Jabatan yang akan diduduki | √
D. Pangkat | Paling Rendah Penata Muda Tingkat I (III/b)
E. Indikator Kinerja Jabatan | Persentase keberhasilan koordinasi dalam layanan keprotokolan dan kesekretariatan pimpinanIndeks kepuasan internal BPOM terhadap Layanan Biro Umum"
17. Form SKJ Pengawas (Kasubag Kesekretariatan Kepala Badan)_Rev.docx,"STANDAR KOMPETENSI JABATAN PENGAWAS
Nama Jabatan | : | Kepala Sub Bagian Kesekretariatan Kepala Badan
Kelompok Jabatan | : | Manajerial
Urusan Pemerintah | : | Pengawas Obat dan Makanan, Kesekretariatan
Kode Jabatan | : | 2-05-16-01-07-420
JABATAN PENGAWAS
IKHTISAR JABATAN
Ikhtisar Jabatan | Melakukan urusan fasilitasi penyusunan rencana, program, dan anggaran, pelaporan kinerja, koordinasi data dan informasi, koordinasi administrasi penerapan sistem pengendalian intern, administrasi kepegawaian, ketatalaksanaan, administrasi keuangan, administrasi barang milik negara, tata persuratan, kearsipan, serta kerumahtanggaan di Sekretariat Kepala Badan.
STANDAR KOMPETENSI
Kompetensi | Level | Deskripsi | Indikator Kompetensi
A.  Manajerial
1. Integritas | 2 | Mampu mengingatkan, mengajak rekan kerja untuk bertindak sesuai nilai, norma, dan etika organisasi | Mengingatkan rekan kerja untuk bertindak sesuai dengan nilai, norma, dan etika organisasi dalam segala situasi dan kondisi; Mengajak orang lain untuk bertindak sesuai etika dan kode etik;Menerapkan norma-norma secara konsisten dalam setiap situasi, pada unit kerja terkecil/kelompok kerjanya;Memberikan informasi yang dapat dipercaya sesuai dengan etika organisasi.
2. Kerjasama | 2 | Menumbuhkan tim kerja yang partisipatif dan efektif | Membantu orang lain dalam menyelesaikan tugas-tugas mereka untuk mendukung sasaran tim;Berbagi informasi yang relevan atau bermanfaat pada anggota tim; mempertimbangkan masukan dan keahlian anggota dalam tim/kelompok kerja serta bersedia untuk belajar dari orang lain;Membangun komitmen yang tinggi untuk menyelesaikan tugas tim.
3. Komunikasi | 2 | Aktif menjalankan komunikasi secara formal dan informal ; Bersedia mendengarkan orang lain, menginterpretasikan pesan dengan respon yang sesuai, mampu menyusun materi presentasi, pidato, naskah, laporan, dll | Menggunakan gaya komunikasi informal untuk meningkatkan hubungan profesional;Mendengarkan pihak lain secara aktif; menangkap dan menginterpretasikan pesan-pesan dari orang lain, serta memberikan respon yang sesuai;Membuat materi presentasi, pidato, draft naskah, laporan dll sesuai arahan pimpinan
4. Orientasi pada hasil | 2 | Berupaya meningkatkan hasil kerja pribadi yang lebih tinggi dari standar yang ditetapkan, mencari, mencoba metode alternatif untuk peningkatan kinerja | Menetapkan dan  berupaya mencapai standar kerja pribadi yang lebih tinggi dari standar kerja yang ditetapkan organisasi;Mencari, mencoba metode kerja alternatif untuk meningkatkan hasil kerjanya;Memberi contoh kepada orang-orang di unit kerjanya untuk mencoba menerapkan metode kerja yang lebih efektif yang sudah dilakukannya.
5.  Pelayanan Publik | 2 | Mampu mensupervisi/ mengawasi/menyelia dan menjelaskan proses pelaksanaan tugas tugas pemerintahan/ pelayanan publik secara transparan | Menunjukan sikap yakin dalam mengerjakan tugas-tugas pemerintahan/pelayanan publik, mampu menyelia dan menjelaskan secara obyektif bila ada yang mempertanyakan kebijakan yang diambil;Secara aktif mencari informasi untuk mengenali kebutuhan pemangku kepentingan agar dapat menjalankan pelaksanaan tugas pemerintahan, pembangunan dan pelayanan publik secara cepat dan tanggap;Mampu mengenali dan memanfaatkan kebiasaan, tatacara, situasi tertentu sehingga apa yang disampaikan menjadi perhatian pemangku kepentingan dalam hal penyelesaian tugas-tugas pemerintahan, pembangunan dan pelayanan publik.
6.  Pengembangan diri dan orang lain | 2 | Meningkatkan kemampuan bawahan dengan memberikan contoh dan penjelasan cara melaksanakan suatu pekerjaan | Meningkatkan kemampuan bawahan dengan memberikan contoh, instruksi, penjelasan dan petunjuk praktis yang jelas kepada bawahan dalam menyelesaikan suatu pekerjaan;Membantu bawahan untuk mempelajari proses, program atau sistem baru;Menggunakan metode lain untuk meyakinkan bahwa orang lain telah memahami penjelasan atau pengarahan.
7. Mengelola Perubahan | 2 | Proaktif beradaptasi mengikuti perubahan | Menyesuaikan cara kerja lama dengan menerapkan metode/proses baru selaras dengan ketentuan yang berlaku tanpa arahan orang lain;Mengembangkan kemampuan diri untuk menghadapi perubahan;Cepat dan tanggap dalam menerima perubahan.
8. Pengambilan Keputusan | 2 | Menganalisis masalah secara mendalam | Melakukan analisis secara mendalam terhadap informasi yang tersedia dalam upaya mencari solusi;Mempertimbangkan berbagai alternatif yang ada sebelum membuat kesimpulan; Membuat keputusan operasional berdasarkan kesimpulan dari berbagai sumber informasi sesuai dengan pedoman yang ada.
B   Sosial Kultural
9.  Perekat Bangsa | 2 | Aktif mengembangkan sikap saling menghargai, menekankan persamaan dan persatuan | Menampilkan sikap dan perilaku yang peduli akan nilai-nilai keberagaman dan menghargai perbedaan;Membangun hubungan baik antar individu dalam organisasi, mitra kerja, pemangku kepentingan;Bersikap tenang, mampu mengendalikan emosi, kemarahan dan frustasi dalam menghadapi pertentangan yang ditimbulkan oleh perbedaan latar belakang, agama/kepercayaan, suku, gender, sosial ekonomi, preferensi politik di lingkungan unit kerjanya.
C.  Teknis
10.Manajemen Perkantoran | 2 | Mampu melaksanakan manajemen perkantoran sesuai pedoman/petunjuk teknis | Mampu mengumpulkan data-data yang mencakup pengelolaan persuratan, barang milik negara, kearsipan, keprotokolan, dan kesekretariatan.Mampu menyajikan data keuangan.Mampu mengolah data-data yang mencakup pengelolaan persuratan, barang milik negara, kearsipan, keprotokolan, dan kesekretariatan.
11.Penyusunan Laporan Pimpinan | 2 | Menyusun laporan pimpinan | Mampu mengidentifikasi kebutuhan data informasi untuk penyusunan laporan pimpinan.Mampu mengumpulkan serta mengelompokkan data dan bahan untuk penyusunan laporan pimpinan.Mampu menyusun konsep laporan pimpinan.
12. Keprotokolan | 2 | Menyelenggarakan keprotokolan | Mampu menerapkan aturan tata tempat sesuai situasi dan kondisi pelaksanaan acara resmi Kementerian dan acara formal Pimpinan lainnya.Mampu menerapkan aturan tata upacara sesuai situasi dan kondisi pelaksanaan acara resmi Kementerian dan acara formal Pimpinan lainnya.Mampu menerapkan aturan tata penghormatan sesuai situasi dan kondisi pelaksanaan acara resmi Kementerian dan acara formal Pimpinan lainnya.
III.  PERSYARATAN JABATAN
Jenis Persyaratan | Uraian | Tingkat pentingnya thd jabatan
Mutlak | Penting | Perlu
A. Pendidikan | 1  Jenjang | Memiliki kualifikasi dan tingkat pendidikan paling rendah diploma III atau yang setara
2  Bidang Ilmu | Farmasi/ Apoteker;Ekonomi/ Keuangan;Pertanian/ Pangan/ Peternakan;Dokter;Kesehatan;Kebijakan Publik/ Sosial;Teknik Sipil; atauKualifikasi pendidikan yang relevan dengan tugas jabatan.
B. Pelatihan | 1  Manajerial | Pelatihan KepemimpinanTingkat IV (PIM IV) atau yang setara | √
Pelatihan Manajerial lain yang sesuai dengan Kebutuhan Jenjang Pendidikan | √
2  Teknis | Perencanaan Program dan Anggaran | √
Kearsipan | √
Manajemen SDM | √
Pelatihan Kepemimpinan Administrator | √
Pelatihan Teknis lain yang sesuai dengan Kebutuhan Jenjang Pendidikan | √
3  Fungsional | Pelatihan Fungsional lain yang sesuai dengan Kebutuhan Jenjang Pendidikan | √
C. Pengalaman kerja | Memiliki pengalaman dalam Jabatan pelaksana paling singkat 4 (empat) tahun atau JF yang setingkat dengan Jabatan pelaksana sesuai dengan bidang tugas Jabatan yang akan diduduki | √
D. Pangkat | Paling Rendah Penata Muda Tingkat I (III/b)
E. Indikator Kinerja Jabatan | Persentase keberhasilan koordinasi dalam layanan keprotokolan dan kesekretariatan pimpinanIndeks kepuasan internal BPOM terhadap Layanan Biro Umum"
18. Form SKJ Pengawas (Kasubag Kesekretariatan Sekretaris Utama)_Rev.docx,"STANDAR KOMPETENSI JABATAN PENGAWAS
Nama Jabatan | : | Kepala Subbagian Kesekretariatan Sekretaris Utama
Kelompok Jabatan | : | Pengawas
Urusan Pemerintah | : | Pengawas Obat dan Makanan, Kesekretariatan
Kode Jabatan | : | 2-05-16-01-07-430
JABATAN PENGAWAS
IKHTISAR JABATAN
Ikhtisar Jabatan | Melakukan urusan fasilitasi penyusunan rencana, program, dan anggaran, pelaporan kinerja, koordinasi data dan informasi, koordinasi administrasi penerapan sistem pengendalian intern, administrasi kepegawaian, ketatalaksanaan, administrasi keuangan, administrasi barang milik negara, tata persuratan, kearsipan, serta kerumahtanggaan di Sekretariat Sekretaris Utama
STANDAR KOMPETENSI
Kompetensi | Level | Diskripsi | Indikator Kompetensi
A.  Manajerial
1. Integritas | 2 | Mampu mengingatkan, mengajak rekan kerja untuk bertindak sesuai nilai, norma, dan etika organisasi | Mengingatkan rekan kerja untuk bertindak sesuai dengan nilai, norma, dan etika organisasi dalam segala situasi dan kondisi; Mengajak orang lain untuk bertindak sesuai etika dan kode etik;Menerapkan norma-norma secara konsisten dalam setiap situasi, pada unit kerja terkecil/kelompok kerjanya;Memberikan informasi yang dapat dipercaya sesuai dengan etika organisasi.
2. Kerjasama | 2 | Menumbuhkan tim kerja yang partisipatif dan efektif | Membantu orang lain dalam menyelesaikan tugas-tugas mereka untuk mendukung sasaran tim;Berbagi informasi yang relevan atau bermanfaat pada anggota tim; mempertimbangkan masukan dan keahlian anggota dalam tim/kelompok kerja serta bersedia untuk belajar dari orang lain;Membangun komitmen yang tinggi untuk menyelesaikan tugas tim.
3. Komunikasi | 2 | Aktif menjalankan komunikasi secara formal dan informal ; Bersedia mendengarkan orang lain, menginterpretasikan pesan dengan respon yang sesuai, mampu menyusun materi presentasi, pidato, naskah, laporan, dll | Menggunakan gaya komunikasi informal untuk meningkatkan hubungan profesional;Mendengarkan pihak lain secara aktif; menangkap dan menginterpretasikan pesan-pesan dari orang lain, serta memberikan respon yang sesuai;Membuat materi presentasi, pidato, draft naskah, laporan dll sesuai arahan pimpinan
4. Orientasi pada hasil | 2 | Berupaya meningkatkan hasil kerja pribadi yang lebih tinggi dari standar yang ditetapkan, mencari, mencoba metode alternatif untuk peningkatan kinerja | Menetapkan dan  berupaya mencapai standar kerja pribadi yang lebih tinggi dari standar kerja yang ditetapkan organisasi;Mencari, mencoba metode kerja alternatif untuk meningkatkan hasil kerjanya;Memberi contoh kepada orang-orang di unit kerjanya untuk mencoba menerapkan metode kerja yang lebih efektif yang sudah dilakukannya.
5.  Pelayanan Publik | 2 | Mampu mensupervisi/ mengawasi/me nyelia dan menjelaskan proses pelaksanaan tugas tugas pemerintahan/ pelayanan publik secara transparan | Menunjukan sikap yakin dalam mengerjakan tugas-tugas pemerintahan/pelayanan publik, mampu menyelia dan menjelaskan secara obyektif bila ada yang mempertanyakan kebijakan yang diambil;Secara aktif mencari informasi untuk mengenali kebutuhan pemangku kepentingan agar dapat menjalankan pelaksanaan tugas pemerintahan, pembangunan dan pelayanan publik secara cepat dan tanggap;Mampu mengenali dan memanfaatkan kebiasaan, tatacara, situasi tertentu sehingga apa yang disampaikan menjadi perhatian pemangku kepentingan dalam hal penyelesaian tugas-tugas pemerintahan, pembangunan dan pelayanan publik.
6.  Pengembangan diri dan orang lain | 2 | Meningkatkan kemampuan bawahan dengan memberikan contoh dan penjelasan cara melaksanakan suatu pekerjaan | Meningkatkan kemampuan bawahan dengan memberikan contoh, instruksi, penjelasan dan petunjuk praktis yang jelas kepada bawahan dalam menyelesaikan suatu pekerjaan;Membantu bawahan untuk mempelajari proses, program atau sistem baru;Menggunakan metode lain untuk meyakinkan bahwa orang lain telah memahami penjelasan atau pengarahan.
7. Mengelola Perubahan | 2 | Proaktif beradaptasi mengikuti perubahan | Menyesuaikan cara kerja lama dengan menerapkan metode/proses baru selaras dengan ketentuan yang berlaku tanpa arahan orang lain;Mengembangkan kemampuan diri untuk menghadapi perubahan;Cepat dan tanggap dalam menerima perubahan.
8. Pengambilan Keputusan | 2 | Menganalisis masalah secara mendalam | Melakukan analisis secara mendalam terhadap informasi yang tersedia dalam upaya mencari solusi;Mempertimbangkan berbagai alternatif yang ada sebelum membuat kesimpulan; Membuat keputusan operasional berdasarkan kesimpulan dari berbagai sumber informasi sesuai dengan pedoman yang ada.
B   Sosial Kultural
9.  Perekat Bangsa | 2 | Aktif mengembangkan sikap saling menghargai, menekankan persamaan dan persatuan | Menampilkan sikap dan perilaku yang peduli akan nilai-nilai keberagaman dan menghargai perbedaan;Membangun hubungan baik antar individu dalam organisasi, mitra kerja, pemangku kepentingan;Bersikap tenang, mampu mengendalikan emosi, kemarahan dan frustasi dalam menghadapi pertentangan yang ditimbulkan oleh perbedaan latar belakang, agama/kepercayaan, suku, jender, sosial ekonomi, preferensi politik di lingkungan unit kerjanya.
C.  Teknis
10.Manajemen Perkantoran | 2 | Mampu melaksanakan manajemen perkantoran sesuai pedoman/petunjuk teknis | Mampu mengumpulkan data-data yang mencakup pengelolaan persuratan, barang milik negara, kearsipan, keprotokolan, dan kesekretariatan.Mampu menyajikan data keuangan.Mampu mengolah data-data yang mencakup pengelolaan persuratan, barang milik negara, kearsipan, keprotokolan, dan kesekretariatan.
11.Penyusunan Laporan Pimpinan | 2 | Menyusun laporan pimpinan | Mampu mengidentifikasi kebutuhan data informasi untuk penyusunan laporan pimpinan.Mampu mengumpulkan serta mengelompokkan data dan bahan untuk penyusunan laporan pimpinan.Mampu menyusun konsep laporan pimpinan.
12. Keprotokolan | 2 | Menyelenggarakan keprotokolan | Mampu menerapkan aturan tata tempat sesuai situasi dan kondisi pelaksanaan acara resmi Kementerian dan acara formal Pimpinan lainnya.Mampu menerapkan aturan tata upacara sesuai situasi dan kondisi pelaksanaan acara resmi Kementerian dan acara formal Pimpinan lainnya.Mampu menerapkan aturan tata penghormatan sesuai situasi dan kondisi pelaksanaan acara resmi Kementerian dan acara formal Pimpinan lainnya.
III.  PERSYARATAN JABATAN
Jenis Persyaratan | Uraian | Tingkat pentingnya thd jabatan
Mutlak | Penting | Perlu
A. Pendidikan | 1  Jenjang | Memiliki kualifikasi dan tingkat pendidikan paling rendah diploma III atau yang setara
2  Bidang Ilmu | Farmasi/ Apoteker;Ekonomi/ Keuangan;Pertanian/ Pangan/ Peternakan;Dokter;Kesehatan;Kebijakan Publik/ Sosial;Teknik Sipil; atauKualifikasi pendidikan yang relevan dengan tugas jabatan.
B. Pelatihan | 1  Manajerial | Pelatihan KepemimpinanTingkat IV (PIM IV) atau yang setara | √
Pelatihan Manajerial lain yang sesuai dengan Kebutuhan Jenjang Pendidikan | √
2  Teknis | Perencanaan Program dan Anggaran | √
Kearsipan | √
Manajemen SDM | √
Pelatihan Kepemimpinan Administrator | √
Pelatihan Teknis lain yang sesuai dengan Kebutuhan Jenjang Pendidikan | √
3  Fungsional | Pelatihan Fungsional lain yang sesuai dengan Kebutuhan Jenjang Pendidikan | √
C. Pengalaman kerja | Memiliki pengalaman dalam Jabatan pelaksana paling singkat 4 (empat) tahun atau JF yang setingkat dengan Jabatan pelaksana sesuai dengan bidang tugas Jabatan yang akan diduduki | √
D. Pangkat | Paling Rendah Penata Muda Tingkat I (III/b)
E. Indikator Kinerja Jabatan | Persentase keberhasilan koordinasi dalam layanan keprotokolan dan kesekretariatan pimpinanIndeks kepuasan internal BPOM terhadap Layanan Biro Umum"
2. Draft_SKJ_Inspektur_alx_edit - Inspektur Utama v2.docx,"STANDAR KOMPETENSI JABATAN
JABATAN PIMPINAN TINGGI PRATAMA
Nama Jabatan | : | Inspektur
Kelompok Jabatan | : | Struktural
Urusan Pemerintah | : | Pengawasan Intern Pemerintah
Kode Jabatan | : | 1-02-16-01-10-000
JABATAN PIMPINAN TINGGI PRATAMA
IKHTISAR JABATAN
Ikhtisar Jabatan | Inspektur melaksanakan Pengawasan Intern berupa Layanan Jasa Asurans meliputi kegiatan audit, reviu, evaluasi, pemantauan, kegiatan pengawasan lain dan Layanan Jasa Konsultansi meliputi kegiatan pemberian saran dan jasa lainnya dalam rangka memberikan keyakinan yang memadai bahwa kegiatan telah dilaksanakan dengan tata kepemerintahan yang baik dan untuk memberikan nilai tambah dalam upaya meningkatkan proses tata kelola, manajemen risiko, dan kegiatan pengendalian terhadap penyelenggaraan tugas dan fungsi BPOM.
STANDAR KOMPETENSI
Kompetensi | Level | Deskripsi | Indikator Kompetensi
Manajerial
Integritas | 5 | Mampu menjadi role model dalam penerapan standar keadilan dan etika di tingkat nasional | Mempertahankan tingkat standar keadilan dan etika yang tinggi dalam perkataan dan tindakan sehari-hari yang dipatuhi oleh seluruh pemangku kepentingan pada lingkup instansi yang dipimpinnya.Menjadi role model/ keteladan-an dalam penerapan standar keadilan dan etika yang tinggi di tingkat nasional.Membuat konsep kebijakan dan strategi penerapan sikap integritas dalam pelaksanaan tugas dan norma-norma yang sejalan dengan nilai strategis organisasi.
Kerjasama | 5 | Menciptakan situasi kerja sama secara konsisten, baik di dalam maupun di luar instansi | Menciptakan hubungan kerja yang konstruktif dengan menerapkan norma / etos / nilai-nilai kerja yang baik di dalam dan di luar organisasi; meningkatkan produktivitas dan menjadi panutan dalam organisasi;Secara konsisten menjaga sinergi agar pemangku kepentingan dapat bekerja sama dengan orang di dalam maupun di luar organisasi;Membangun konsensus untuk menggabungkan sumberdaya dari berbagai pemangku kepentingan untuk tujuan bangsa dan negara.
Komunikasi | 5 | Menggagas sistem Komunikasi yang  terbuka secara strategis untuk mencarisolusi dengantujuanmeningkatkankinerja | Menghilangkan hambatan komunikasi, mampu berkomunikasi dalam isu-isu nasional yang memiliki resiko tinggi, menggalang hubungan dalam skala strategis di tingkat nasional; Menggunakan saluran komunikasi formal dan non formal guna mencapai kesepakatan dengan tujuan meningkatkan kinerja di tingkat instansi/nasional;Menggagas sistem komunikasi deng an melibatkan pemangku kepentingan sejak dini untuk mencari solusi dengan tujuan meningkatkan kinerja di tingkat instansi/nasional.
Orientasi pada hasil | 5 | Meningkatkanmutupencapaiankerjaorganisasi | Memastikan kualitas sesuai standar dan keberlanjutan hasil kerja organisasi yang memberi kontribusi pada pencapaian target prioritas nasional;Memastikan tersedianya sumber daya organisasi untuk menjamin tercapainya target prioritas instansi/nasional;Membuat kebijakan untuk menerapkan metode kerja yang lebih efektif-efisien dalam mencapai tujuan prioritas nasional.
Pelayanan Publik | 5 | Mampu memastikan kebijakan – kebijakan pelayanan publik yang menjamin terselenggaranya pelayanan publik yang objektif, netral, tidak memihak, tidak diskriminatif, serta tidak terpengaruh kepentingan pribadi/kelompok /partai politik. | Mampu menciptakan kebijakan kebijakan pelayanan publik yang menjamin terselenggaranya pelayananpublik yang objektif, netral, tidak memihak, tidak diskriminatif, serta tidak terpengaruh kepentingan pribadi/kelompok/partai politik;Menginternalisasikan nilai dan semangat pelayanan public yang mengikuti standar objektif, netral, tidak memihak, tidak diskriminatif, transparan, tidak terpengaruh kepentingan pribadi/ kelompok kepada setiap individu di lingkungan instansi/nasional;Menjamin terselenggaranya pelayanan publik yang objektif, netral, tidak memihak, tidak diskriminatif, serta tidak terpengaruh kepentingan pribadi/kelompok/partai politik.
Pengembangan diri dan orang lain | 5 | Menciptakan situasi yang mendorong Organisasi untuk mengembangkan kemampuan belajar secara berkelanjutan dalam rangka mendukung pencapaian hasil | Menciptakan situasi yang mendorong individu, kelompok, unit kerja untuk mengembangkan kemampuan belajar secara berkelanjutan di tingkat instansi;Merekomendasikan / memberikan penghargaan bagi Upaya pengembangan yang berhasil, memastikan dukungan bagiorang lain dalam mengembangkan kemampuan dalam unit kerja di tingkat instansi;Memberikan inspirasi kepada individu atau kelompok untuk belajar secara berkelanjutan dalam penerapan di tingkat instansi.
Mengelola Perubahan | 5 | Memimpin, menggalang dan menggerakkan dukungan pemangku kepentingan untukMenjalankan perubahan secara berkelanjutan pada tingkat instansi/ nasional | Membuat kebijakan-kebijakan yang mendorong perubahan yang berdampak pada pencapaian sasaran prioritas nasional;Menggalang dan menggerakkan dukungan para pemangku kepentingan untuk mengimplementasikan perubahan yang telah ditetapkan;Secara berkelanjutan, mencari cara-cara baru untuk memberi nilai tambah bagi perubahan yang tengah dijalankan agar memberi manfaat yang lebih besar bagi para pemangku kepentingan.
Pengambilan Keputusan | 5 | Menghasilkan solusi dan mengambil keputusan untuk mengatasi permasalahan jangka panjang/strategis, berdampak nasional | Menghasilkan solusi yang dapat mengatasi permasalahan jangka panjang.Menghasilkan solusi strategis yang berdampak pada tataran instansi/ nasional.Membuat keputusan atau kebijakan yang berdampak nasional dengan memitigasi risiko yang mungkin timbul.
Sosial Kultural
Perekat Bangsa | 5 | Wakil pemerintah untuk membangun hubungan social psikologis | Menjadi wakil pemerintah yang mampu membangun hubungan sosial psikologis dengan masyarakat sehingga menciptakan kelekatan yang kuat antara ASN dan para pemangku kepentingan serta diantara para pemangku kepentingan itu sendiri.Mampu mengkomunikasikan dampak risiko yang teridentifikasi dan merekomendasikan tindakan korektif berdasarkan pertimbangan perbedaan latarbelakang, agama/kepercayaan suku, gender, sosial ekonomi, preferensi politik untuk membangun hubungan jangka panjang.Mampu membuat kebijakan yang mengakomodasi perbedaan latar belakang, agama/kepercayaan, suku, gender, sosial ekonomi, preferensi politik yang berdampak positif secara nasional.
Teknis
Manajemen Audit (pengawasan) intern | 5 | Mampu memberikan masukan kepada pimpinan organisasi, mampu menjadi katalisator perubahan, dan menerapkan perencanaan audit tahunan berbasis risiko yang sesuai dengan standar | Mendukung fungsi dan menanamkan nilai audit intern dalam organisasi;Mampu mengembangkan kebijakan mengenai ekspektasi dan tujuan bisnis yang jelas serta mengaitkannya dengan strategi organisasi;Menetapkan standar kinerja dengan jelas untuk JFS dan APIP;Mampu mengembangkan alat penilaian dan pengujian yang beragam untuk menilai kompetensi dan kapabilitas kandidat.
Standar Audit | 5 | Mampu mengembangkan kebijakan penerapan standar audit dan mengembangkan serta memelihara QAIP | Mampu mengembangkan kebijakan penerapan standar audit dalam penugasan audit intern;Memimpin implementasi Standar Audit Intern pada APIP;Mampu mengembangkan kebijakan pendekatan berbasis risiko dalam penyusunan Rencana Pengawasan Tahunan (RPT) sesuai Standar Audit Intern, serta melakukan penyesuaian apabila dibutuhkan;Menetapkan dan memelihara program pengembangan dan penjaminan kualitas (quality assurance and improvement program).
Tata Kelola, Manajemen Risiko, dan Pengendalian | 5 | Menyakinkan penerapan Tata Kelola, Manajemen Risiko, dan Pengendalian Intern organisasi dalam kegiatan audit, kesesuaian metodologi audit intern dengan Tata Kelola, Manajemen risiko, dan Pengendalian Intern, dan mengevaluasi Tata Kelola, Manajemen Risiko, dan Pengendalian Intern organisasi, memberikan pandangan yang komprehensif mengenai profil risiko organisasi saat ini dan perkembangannya | Mampu memberikan edukasi kepada Pimpinan Kementerian/ Lembaga/ Pemerintah Daerah mengenai praktik terbaik terkait Tata Kelola, Manajemen Risiko, dan Pengendalian Intern serta budaya kesadaran atas risiko kecurangan (fraud);Mampu mnegembangkan kebijakan kesesuaian kerangka Tata Kelola, Manajemen Risiko, dan Pengendalian Intern yang dimiliki;Mampu mengembangkan kebijakan identifikasi titik kritis Tata Kelola, Manajemen Risiko, dan Pengendalian Intern dalam penugasan audit intern;Mampu mengembangkan konsep pemahaman atas proses-proses yang digunakan untuk mendukung investigasi atas penipuan (fraud).
Analisis Proses Bisnis Mitra Pengawasan | 5 | Mampu mengendalikanmutu pelaksanaan auditintern. | Mengendalikan mutu pelaksanaan penugasan audit intern untuk memastikan bahwa tujuan tercapai dan kualitas terjamin.Mampu mengembangan kebijakan kualitas perencanaan dan penyelenggaraan penugasan audit intern.Mampu mengembangkan implikasi strategis temuan audit intern terhadap organisasi.Mengembangkan prosedur tindak lanjut untuk memonitor tindakan manajemen.
Pelaksanaan Pengawasan Intern | 5 | Mampu mengembangkan suatu lingkungan yang dapat menerima perubahan dan menghargai perbaikan yang berkelanjutan di dalam aktivitas audit intern, dan mempertimbangkan pendekatan-pendekatan yang baru dan inovatif untuk memenuhi kebutuhan pemangku kepentingan | Memimpin perubahan, peningkatan secara terus-menerus, dan inovasi dalam metodologi audit intern serta mendukung orang lain untuk melakukan hal tersebut;Mampu mengembangkan ide-ide inovatif dan memberikan umpan balik yang positif untuk memastikan bahwa ide-ide baru diterapkan;Memberikan kontribusi utama atas wawasan dan usulan untuk perubahan dan peningkatan;Mengembangkan program perubahan pada seluruh fungsi audit intern dan tim audit intern.
Pengembangan Metodologi Pengawasan | 5 | Mampu memberikan masukan kepada pimpinan organisasi, mampu menjadi katalisator perubahan, dan menerapkan perencanaan audit tahunan berbasis risiko yang sesuai dengan standar | Mendukung fungsi dan menanamkan nilai audit intern dalam organisasi;Mampu mengembangkan kebijakan mengenai ekspektasi dan tujuan bisnis yang jelas serta mengaitkannya dengan strategi organisasi;Menetapkan standar kinerja dengan jelas untuk JFS dan APIP;Mampu mengembangkan alat penilaian dan pengujian yang beragam untuk menilai kompetensi dan kapabilitas kandidat.
PERSYARATAN JABATAN
Jenis Persyaratan | Uraian | Tingkat Pentingnya Terhadap Jabatan
Mutlak | Penting | Perlu
Pendidikan | Jenjang | S2 (Sarjana Strata II)
Bidang Ilmu | Sarjana Strata Dua dengan program studi farmasi, kimia, biologi, Teknik, manajemen, ekonomi, akuntansi, hukum, atau program studi lain yang relevan dengan bidang tugas
Pelatihan | Manajerial | Pelatihan Kepemimpinan Nasional Tingkat II (PIM II) | ꓦ
Teknis | Pelatihan terkait tata kelola, manajemen risiko, atau pengendalian intern; | √
Pelatihan dan pembelajaran lain sesuai dengan tugas dan fungsi Inspektorat; | √
Fungsional | Pelatihan Fungsional Auditor Ahli Utama (Pengendali Mutu) | ꓦ
Sosial Kultural | Perekat bangsa / Management diversity | √
Pengalaman Kerja | Lulus pelatihan dasar bagi Calon PNS; dan/atauPaling kurang 2 (dua) tahun untuk perpindahan atau penyesuaian/inpassing | √
Pangkat | IV/c – Pembina Utama Muda
Indikator (Output) Kinerja Jabatan | Kualitas pengawasan intern Jasa Asurans yang memenuhi standar Kualitas pengawasan intern Jasa Konsultansi yang memenuhi standarKualitas kinerja penugasan pimpinan sesuai dengan tujuan penugasan."
22. Form SKJ Pengawas (Kasubag Kesekretariatan Deputi Bidang Penindakan)_Rev.docx,"STANDAR KOMPETENSI JABATAN PENGAWAS
Nama Jabatan | : | Kepala Subbagian Kesekretariatan Deputi Bidang Penindakan
Kelompok Jabatan | : | Pengawas
Urusan Pemerintah | : | Pengawas Obat dan Makanan, Kesekretariatan
Kode Jabatan | : | 2-05-16-01-07-470
JABATAN PENGAWAS
IKHTISAR JABATAN
Ikhtisar Jabatan | Melakukan urusan fasilitasi penyusunan rencana, program, dan anggaran, pelaporan kinerja, koordinasi data dan informasi, koordinasi administrasi penerapan sistem pengendalian intern, administrasi kepegawaian, ketatalaksanaan, administrasi keuangan, administrasi barang milik negara, tata persuratan, kearsipan, serta kerumahtanggaan di Sekretariat Deputi Bidang Penindakan
STANDAR KOMPETENSI
Kompetensi | Level | Diskripsi | Indikator Kompetensi
A.  Manajerial
1. Integritas | 2 | Mampu mengingatkan, mengajak rekan kerja untuk bertindak sesuai nilai, norma, dan etika organisasi | Mengingatkan rekan kerja untuk bertindak sesuai dengan nilai, norma, dan etika organisasi dalam segala situasi dan kondisi; Mengajak orang lain untuk bertindak sesuai etika dan kode etik;Menerapkan norma-norma secara konsisten dalam setiap situasi, pada unit kerja terkecil/kelompok kerjanya;Memberikan informasi yang dapat dipercaya sesuai dengan etika organisasi.
2. Kerjasama | 2 | Menumbuhkan tim kerja yang partisipatif dan efektif | Membantu orang lain dalam menyelesaikan tugas-tugas mereka untuk mendukung sasaran tim;Berbagi informasi yang relevan atau bermanfaat pada anggota tim; mempertimbangkan masukan dan keahlian anggota dalam tim/kelompok kerja serta bersedia untuk belajar dari orang lain;Membangun komitmen yang tinggi untuk menyelesaikan tugas tim.
3. Komunikasi | 2 | Aktif menjalankan komunikasi secara formal dan informal ; Bersedia mendengarkan orang lain, menginterpretasikan pesan dengan respon yang sesuai, mampu menyusun materi presentasi, pidato, naskah, laporan, dll | Menggunakan gaya komunikasi informal untuk meningkatkan hubungan profesional;Mendengarkan pihak lain secara aktif; menangkap dan menginterpretasikan pesan-pesan dari orang lain, serta memberikan respon yang sesuai;Membuat materi presentasi, pidato, draft naskah, laporan dll sesuai arahan pimpinan
4. Orientasi pada hasil | 2 | Berupaya meningkatkan hasil kerja pribadi yang lebih tinggi dari standar yang ditetapkan, mencari, mencoba metode alternatif untuk peningkatan kinerja | Menetapkan dan  berupaya mencapai standar kerja pribadi yang lebih tinggi dari standar kerja yang ditetapkan organisasi;Mencari, mencoba metode kerja alternatif untuk meningkatkan hasil kerjanya;Memberi contoh kepada orang-orang di unit kerjanya untuk mencoba menerapkan metode kerja yang lebih efektif yang sudah dilakukannya.
5.  Pelayanan Publik | 2 | Mampu mensupervisi/ mengawasi/me nyelia dan menjelaskan proses pelaksanaan tugas tugas pemerintahan/ pelayanan publik secara transparan | Menunjukan sikap yakin dalam mengerjakan tugas-tugas pemerintahan/pelayanan publik, mampu menyelia dan menjelaskan secara obyektif bila ada yang mempertanyakan kebijakan yang diambil;Secara aktif mencari informasi untuk mengenali kebutuhan pemangku kepentingan agar dapat menjalankan pelaksanaan tugas pemerintahan, pembangunan dan pelayanan publik secara cepat dan tanggap;Mampu mengenali dan memanfaatkan kebiasaan, tatacara, situasi tertentu sehingga apa yang disampaikan menjadi perhatian pemangku kepentingan dalam hal penyelesaian tugas-tugas pemerintahan, pembangunan dan pelayanan publik.
6.  Pengembangan diri dan orang lain | 2 | Meningkatkan kemampuan bawahan dengan memberikan contoh dan penjelasan cara melaksanakan suatu pekerjaan | Meningkatkan kemampuan bawahan dengan memberikan contoh, instruksi, penjelasan dan petunjuk praktis yang jelas kepada bawahan dalam menyelesaikan suatu pekerjaan;Membantu bawahan untuk mempelajari proses, program atau sistem baru;Menggunakan metode lain untuk meyakinkan bahwa orang lain telah memahami penjelasan atau pengarahan.
7. Mengelola Perubahan | 2 | Proaktif beradaptasi mengikuti perubahan | Menyesuaikan cara kerja lama dengan menerapkan metode/proses baru selaras dengan ketentuan yang berlaku tanpa arahan orang lain;Mengembangkan kemampuan diri untuk menghadapi perubahan;Cepat dan tanggap dalam menerima perubahan.
8. Pengambilan Keputusan | 2 | Menganalisis masalah secara mendalam | Melakukan analisis secara mendalam terhadap informasi yang tersedia dalam upaya mencari solusi;Mempertimbangkan berbagai alternatif yang ada sebelum membuat kesimpulan; Membuat keputusan operasional berdasarkan kesimpulan dari berbagai sumber informasi sesuai dengan pedoman yang ada.
B   Sosial Kultural
9.  Perekat Bangsa | 2 | Aktif mengembangkan sikap saling menghargai, menekankan persamaan dan persatuan | Menampilkan sikap dan perilaku yang peduli akan nilai-nilai keberagaman dan menghargai perbedaan;Membangun hubungan baik antar individu dalam organisasi, mitra kerja, pemangku kepentingan;Bersikap tenang, mampu mengendalikan emosi, kemarahan dan frustasi dalam menghadapi pertentangan yang ditimbulkan oleh perbedaan latar belakang, agama/kepercayaan, suku, jender, sosial ekonomi, preferensi politik di lingkungan unit kerjanya.
C.  Teknis
10.Manajemen Perkantoran | 2 | Mampu melaksanakan manajemen perkantoran sesuai pedoman/petunjuk teknis | Mampu mengumpulkan data-data yang mencakup pengelolaan persuratan, barang milik negara, kearsipan, keprotokolan, dan kesekretariatan.Mampu menyajikan data keuangan.Mampu mengolah data-data yang mencakup pengelolaan persuratan, barang milik negara, kearsipan, keprotokolan, dan kesekretariatan.
11.Penyusunan Laporan Pimpinan | 2 | Menyusun laporan pimpinan | Mampu mengidentifikasi kebutuhan data informasi untuk penyusunan laporan pimpinan.Mampu mengumpulkan serta mengelompokkan data dan bahan untuk penyusunan laporan pimpinan.Mampu menyusun konsep laporan pimpinan.
12. Keprotokolan | 2 | Menyelenggarakan keprotokolan | Mampu menerapkan aturan tata tempat sesuai situasi dan kondisi pelaksanaan acara resmi Kementerian dan acara formal Pimpinan lainnya.Mampu menerapkan aturan tata upacara sesuai situasi dan kondisi pelaksanaan acara resmi Kementerian dan acara formal Pimpinan lainnya.Mampu menerapkan aturan tata penghormatan sesuai situasi dan kondisi pelaksanaan acara resmi Kementerian dan acara formal Pimpinan lainnya.
III.  PERSYARATAN JABATAN
Jenis Persyaratan | Uraian | Tingkat pentingnya thd jabatan
Mutlak | Penting | Perlu
A. Pendidikan | 1  Jenjang | Memiliki kualifikasi dan tingkat pendidikan paling rendah diploma III atau yang setara
2  Bidang Ilmu | Farmasi/ Apoteker;Ekonomi/ Keuangan;Pertanian/ Pangan/ Peternakan;Dokter;Kesehatan;Kebijakan Publik/ Sosial;Teknik Sipil; atauKualifikasi pendidikan yang relevan dengan tugas jabatan.
B. Pelatihan | 1  Manajerial | Pelatihan Kepemimpinan Tingkat IV (PIM IV) atau yang setara | √
Pelatihan Manajerial lain yang sesuai dengan Kebutuhan Jenjang Pendidikan | √
2  Teknis | Perencanaan Program dan Anggaran | √
Kearsipan | √
Manajemen SDM | √
Pelatihan Kepemimpinan Administrator | √
Diklat Teknis sesuai Kesekretariatan | √
Pelatihan Teknis lain yang sesuai dengan Kebutuhan Jenjang Pendidikan | √
3  Fungsional | Pelatihan Fungsional lain yang sesuai dengan Kebutuhan Jenjang Pendidikan | √
C. Pengalaman kerja | Memiliki pengalaman dalam Jabatan pelaksana paling singkat 4 (empat) tahun atau JF yang setingkat dengan Jabatan pelaksana sesuai dengan bidang tugas Jabatan yang akan diduduki | √
D. Pangkat | Paling Rendah Penata Muda Tingkat I (III/b)
E. Indikator Kinerja Jabatan | Persentase keberhasilan koordinasi dalam layanan keprotokolan dan kesekretariatan pimpinanIndeks kepuasan internal BPOM terhadap Layanan Biro Umum"
23. Form SKJ Administrator (Kabag Tata Usaha).docx,"STANDAR KOMPETENSI JABATAN ADMINISTRATOR
Nama Jabatan | : | Kepala Bagian Tata Usaha
Kelompok Jabatan | : | Administrator
Urusan Pemerintah | : | Kesekretariatan
Kode Jabatan | : | 2-04-16-01-07-500
JABATAN ADMINISTRATOR
IKHTISAR JABATAN
Ikhtisar Jabatan | Melakukan urusan fasilitasi penyusunan rencana, program, dan anggaran, pelaporan kinerja, koordinasi data dan informasi, koordinasi administrasi penerapan sistem pengendalian intern, administrasi kepegawaian, ketatalaksanaan, administrasi keuangan, administrasi barang milik negara, tata persuratan, kearsipan, mutu serta kerumahtanggaan unit kerja terkait.
STANDAR KOMPETENSI
Kompetensi | Level | Diskripsi | Indikator Kompetensi
A.  Manajerial
1. Integritas | 3 | Mampu memastikan, menanamkan keyakinan bersama agar anggota yang dipimpin bertindak sesuai nilai, norma, dan etika organisasi, dalam lingkup formal | Memastikan anggota yang dipimpin bertindak sesuai dengan nilai, norma, dan etika organisasi dalam segala situasi dan kondisi;Mampu untuk memberi apresiasi dan teguran bagi anggota yang dipimpin agar bertindak selaras dengan nilai, norma, dan etika organisasi dalam segala situasi dan kondisi;Melakukan monitoring dan evaluasi terhadap penerapan sikap integritas di dalam unit kerja yang dipimpin.
2. Kerjasama | 3 | Efektif membangun tim kerja untuk peningkatan  kinerja organisasi | Melihat kekuatan/kelemahan anggota tim, membentuk tim  yang tepat, mengantisipasi kemungkinan hambatan, dan mencari solusi yang optimal;Mengupayakan dan mengutamakan pengambilan keputusan berdasarkan usulan-usulan anggota tim/kelompok, bernegosiasi secara efektif untuk upaya menyelesaikan pekerjaan yang menjadi target kinerja kelompok dan/atau unit kerja;Membangun aliansi dengan para pemangku kepentingan dalam rangka mendukung penyelesaian target kerja kelompok.
3. Komunikasi | 3 | Berkomunikasi secara asertif, terampil berkomunikasi lisan/ tertulis untuk menyampaikan informasi yang sensitif/ rumit/ kompleks | Menyampaikan suatu informasi yang sensitif/rumit dengan cara penyampaian dan kondisi yang tepat, sehingga dapat dipahami dan diterima oleh pihak lain;Menyederhanakan topik yang rumit dan sensitif sehingga lebih mudah dipahami dan diterima orang lain;Membuat laporan tahunan/periodik/ naskah/ dokumen/proposal yang kompleks; Membuat surat resmi yang sistematis dan tidak menimbulkan pemahaman yang berbeda; membuat proposal yang rinci dan lengkap;
4. Orientasi pada hasil | 3 | Menetapkan target kerja yang menantang bagi unit kerja, memberi apresiasi dan teguran untuk mendorong kinerja | Menetapkan target kinerja unit yang lebih tinggi dari target yang ditetapkan organisasi.Memberikan apresiasi dan teguran untuk mendorong pencapaian hasil unit kerjanya;Mengembangkan metode kerja yang lebih efektif dan efisien untuk mencapai target kerja unitnya.
5.  Pelayanan Publik | 3 | Mampu memanfaatkan kekuatan kelompok serta memperbaiki standar pelayanan publik di lingkup unit kerja | Memahami, mendeskripsikan pengaruh dan hubungan/kekuatan kelompok yang sedang berjalan di organisasi (aliansi atau persaingan), dan dampaknya terhadap unit kerja untuk menjalankan tugas pemerintahan secara profesional dan netral, tidak memihak;Menggunakan keterampilan dan pemahaman lintas organisasi untuk secara efektif memfasilitasi kebutuhan kelompok yang lebih besar dengan cara-cara yang mengikuti standar objektif, transparan, profesional, sehingga tidak merugikan para pihak di lingkup pelayanan publik unit kerjanya;Mengimplementasikan cara-cara yang efektif untuk memantau dan mengevaluasi masalah yang dihadapi pemangku kepentingan/masyarakat serta mengantisipasi kebutuhan mereka saat menjalankan tugas pelayanan publik di unit kerjanya.
6.  Pengembangan diri dan orang lain | 3 | Memberikan umpan balik, membimbing | Memberikan tugas-tugas yang menantang pada bawahan sebagai media belajar untuk mengembangkan kemampuannya;Mengamati bawahan dalam mengerjakan tugasnya dan memberikan umpan balik yang objektif dan jujur; melakukan diskusi dengan bawahan untuk memberikan bimbingan dan umpan balik yang berguna bagi bawahan;Mendorong kepercayaan diri bawahan; memberikan kepercayaan penuh pada bawahan untuk mengerjakan tugas dengan caranya sendiri; memberi kesempatan dan membantu bawahan menemukan peluang untuk berkembang.
7. Mengelola Perubahan | 3 | Membantu orang lain mengikuti perubahan, mengantisipasi perubahan secara tepat | Membantu orang lain dalam melakukan perubahan;Menyesuaikan prioritas kerja secara berulang-ulang jika diperlukan;Mengantisipasi perubahan yang dibutuhkan oleh unit kerjanya secara tepat. Memberikan solusi efektif terhadap masalah yang ditimbulkan oleh adanya perubahan.
8. Pengambilan Keputusan | 3 | Membandingkan berbagai alternatif, menyeimbangkan risiko keberhasilan dalam implementasi | Membandingkan berbagai alternatif tindakan dan implikasinya;Memilih alternatif solusi yang terbaik, membuat keputusan operasional mengacu pada alternatif solusi terbaik yang didasarkan pada analisis data yang sistematis, seksama, mengikuti prinsip kehati-hatian;Menyeimbangkan antara kemungkinan risiko dan keberhasilan dalam implementasinya.
B   Sosial Kultural
9.  Perekat Bangsa | 3 | Mempromosikan, mengembangkan sikap toleransi dan persatuan | Mempromosikan sikap menghargai perbedaan di antara orang-orang yang mendorong toleransi dan keterbukaan.Melakukan pemetaan sosial di masyarakat sehingga dapat memberikan respon yang sesuai dengan budaya yang berlaku. Mengidentifikasi potensi kesalahpahaman yang diakibatkan adanya keragaman budaya yang adaMenjadi mediator untuk menyelesaikan konflik atau mengurangi dampak negatif dari konflik atau potensi konflik
C.  Teknis
10.Manajemen Perkantoran | 3 | Mampu menyelenggarakan membimbing pelaksanaan manajemen perkantoran | Mampu melakukan analisis terhadap hasil pengolahan data persuratan, barang milik negara, kearsipan, keprotokolan, dan kesekretariatanMampu memberikan bimbingan pegawai lain di lingkup organisasi dalam penyelenggaraan manajemen perkantoranMampu memecahkan masalah teknis operasional yang timbul dan mengambil keputusan dalam pelaksanaan manajemen perkantoran
11. Pembinaan Disiplin | 3 | Mampu menyelenggarakan, membimbing pelaksanaan menyelesaikan permasalahan, penerapan pembinaan disiplin pegawai | Mampu menganalisis pelaksanaan kewajiban dan larangan oleh pegawai di lingkungan, menemukenali faktor penyebab atas ketaatan dan pelanggaran untuk membentuk budaya disiplin dalam unit kerjanya;Mampu mensosialisasikan tentang disiplin pegawai dan memberikan bimbingan, coaching mentoring kepada pegawai di lingkungannya dalam melaksanakan pengelolaan disiplin pegawai;Mampu menjadi  suri  tauladan penerapan disiplin dan mampu memecahkan permasalahan teknis operasional yang timbul dalam penerapan disiplin pegawai di lingkup kerjanya.
12. Manajemen data dan informasi | 3 | Mampu mengkoordinasikan penyelenggaraan sistem informasi kepegawaian, dan penerapannya dalam penyelenggaraan manajemen ASN di instansinya | Mampu menyajikan dan menggunakan informasi manajemen SDM untuk pengambilan keputusan dalam pengelolaan pegawai di lingkup unit kerjanyaKemampuan menganalisis informasi manajemen SDM; menyajikan analisis informasi manajemen SDM serta temuan dan rekomendasi hasil analisis informasi manajemen SDMMampu memanfaatkan sistem informasi kepegawaian      untuk      menyelesaikan permasalahan        teknis        operasional pelaksanaan manajemen SDM di lingkungan organisasi/unit kerja
13. Manajemen keuangan | 3 | Mampu menyelenggarakan membimbing pelaksanaan manajemen keuangan | Mampu melakukan analisis  terhadap data keuanganMampu memberikan bimbingan pegawai lain di lingkup organisasi dalam penyelenggaraan manajemen keuanganMampu memecahkan masalah teknis operasional yang timbul dan mengambil keputusan dalam pelaksanaan manajemen keuangan
14. Manajemen Mutu | 3 | Menganalisis gap antara harapan dan kenyataan serta hambatan yang ada dalam penerapan Sistem Manajemen Mutu (SMM) pada suatu organisasi | Mampu menganalisa potensi penyimpangan pada setiap tahapan pekerjaanMampu menetapkan tahapan pekerjaan yang menjadi tugas pokok di unit kerja yang rentan pencapaian mutuMampu menyiapkan rencana tindak pengendalian pada pekerjaan yang menjadi tugas pokok di unit kerja yang rentan pencapaian mutu
III.  PERSYARATAN JABATAN
Jenis Persyaratan | Uraian | Tingkat pentingnya thd jabatan
Mutlak | Penting | Perlu
Pendidikan | 1  Jenjang | Memiliki kualifikasi dan tingkat pendidikan palingrendah sarjana atau diploma IV
2  Bidang Ilmu | Teknik/Farmasi/Manajemen/Administrasi Pemerintahan/Hukum/Psikologi/Kedokteran/Kesehatan Masyarakat/Apoteker
B.  Pelatihan | 1 Manajerial | Pelatihan Kepemimpinan Tingkat III (PIM III) atau yang setara | √
2 Teknis | Perencanaan Program dan Anggaran
Kearsipan
Manajemen SDM
Diklat Manajemen Mutu
Diklat Teknis/Subtansi terkait tugas jabatan.
3 Fungsional | - | - | - | -
C. Pengalaman kerja | Memiliki pengalaman pada Jabatan pengawas paling singkat 3 (tiga) tahun atau JF yang setingkat dengan Jabatan pengawas sesuai dengan bidang tugas Jabatan yang akan diduduki; | √
D. Pangkat | Paling Rendah Penata Tk. I (III/d)
E. Indikator Kinerja Jabatan | Tercapainya realisasi anggaran sesuai targetTersusunnya Laporan Kinerja Satuan Kerja sesuai timeline.Terlaksanakannya manajemen kearsipan, SDM, dan BMN sesuai dengan ketentuan.Terlaksanakannya layanan rumah tangga di unit kerja."
24. Form SKJ Kasubag TU (es 4).docx,"STANDAR KOMPETENSI JABATAN PENGAWAS
Nama Jabatan | : | Kepala Sub Bagian Tata Usaha
Kelompok Jabatan | : | Pengawas
Urusan Pemerintah | : | Kesekretariatan
Kode Jabatan | : | 2-05-16-01-07-510
JABATAN PENGAWAS
IKHTISAR JABATAN
Ikhtisar Jabatan | Melakukan urusan fasilitasi penyusunan rencana, program, dan anggaran, pelaporan kinerja, koordinasi data dan informasi, koordinasi administrasi penerapan sistem pengendalian intern, administrasi kepegawaian, ketatalaksanaan, administrasi keuangan, administrasi barang milik negara, tata persuratan, kearsipan, mutu serta kerumahtanggaan unit kerja terkait.
STANDAR KOMPETENSI
Kompetensi | Level | Diskripsi | Indikator Kompetensi
A.  Manajerial
1. Integritas | 2 | Mampu mengingatkan, mengajak rekan kerja untuk bertindak sesuai nilai, norma, dan etika organisasi | Mengingatkan rekan kerja untuk bertindak sesuai dengan nilai, norma, dan etika organisasi dalam segala situasi dan kondisi; Mengajak orang lain untuk bertindak sesuai etika dan kode etik;Menerapkan norma-norma secara konsisten dalam setiap situasi, pada unit kerja terkecil/kelompok kerjanya;Memberikan informasi yang dapat dipercaya sesuai dengan etika organisasi.
2. Kerjasama | 2 | Menumbuhkan tim kerja yang partisipatif dan efektif | Membantu orang lain dalam menyelesaikan tugas-tugas mereka untuk mendukung sasaran tim;Berbagi informasi yang relevan atau bermanfaat pada anggota tim; mempertimbangkan masukan dan keahlian anggota dalam tim/kelompok kerja serta bersedia untuk belajar dari orang lain;Membangun komitmen yang tinggi untuk menyelesaikan tugas tim.
3. Komunikasi | 2 | Aktif menjalankan komunikasi secara formal dan informal ; Bersedia mendengarkan orang lain, menginterpretasikan pesan dengan respon yang sesuai, mampu menyusun materi presentasi, pidato, naskah, laporan, dll | Menggunakan gaya komunikasi informal untuk meningkatkan hubungan profesional;Mendengarkan pihak lain secara aktif; menangkap dan menginterpretasikan pesan-pesan dari orang lain, serta memberikan respon yang sesuai;Membuat materi presentasi, pidato, draft naskah, laporan dll sesuai arahan pimpinan
4. Orientasi pada hasil | 2 | Berupaya meningkatkan hasil kerja pribadi yang lebih tinggi dari standar yang ditetapkan, mencari, mencoba metode alternatif untuk peningkatan kinerja | Menetapkan dan  berupaya mencapai standar kerja pribadi yang lebih tinggi dari standar kerja yang ditetapkan organisasi;Mencari, mencoba metode kerja alternatif untuk meningkatkan hasil kerjanya;Memberi contoh kepada orang-orang di unit kerjanya untuk mencoba menerapkan metode kerja yang lebih efektif yang sudah dilakukannya.
5.  Pelayanan Publik | 2 | Mampu mensupervisi/ mengawasi/menyelia dan menjelaskan proses pelaksanaan tugas tugas pemerintahan/ pelayanan publik secara transparan | Menunjukan sikap yakin dalam mengerjakan tugas-tugas pemerintahan/pelayanan publik, mampu menyelia dan menjelaskan secara obyektif bila ada yang mempertanyakan kebijakan yang diambil;Secara aktif mencari informasi untuk mengenali kebutuhan pemangku kepentingan agar dapat menjalankan pelaksanaan tugas pemerintahan, pembangunan dan pelayanan publik secara cepat dan tanggap;Mampu mengenali dan memanfaatkan kebiasaan, tatacara, situasi tertentu sehingga apa yang disampaikan menjadi perhatian pemangku kepentingan dalam hal penyelesaian tugas-tugas pemerintahan, pembangunan dan pelayanan publik.
6.  Pengembangan diri dan orang lain | 2 | Meningkatkan kemampuan bawahan dengan memberikan contoh dan penjelasan cara melaksanakan suatu pekerjaan | Meningkatkan kemampuan bawahan dengan memberikan contoh, instruksi, penjelasan dan petunjuk praktis yang jelas kepada bawahan dalam menyelesaikan suatu pekerjaan;Membantu bawahan untuk mempelajari proses, program atau sistem baru;Menggunakan metode lain untuk meyakinkan bahwa orang lain telah memahami penjelasan atau pengarahan.
7. Mengelola Perubahan | 2 | Proaktif beradaptasi mengikuti perubahan | Menyesuaikan cara kerja lama dengan menerapkan metode/proses baru selaras dengan ketentuan yang berlaku tanpa arahan orang lain;Mengembangkan kemampuan diri untuk menghadapi perubahan;Cepat dan tanggap dalam menerima perubahan.
8. Pengambilan Keputusan | 2 | Menganalisis masalah secara mendalam | Melakukan analisis secara mendalam terhadap informasi yang tersedia dalam upaya mencari solusi;Mempertimbangkan berbagai alternatif yang ada sebelum membuat kesimpulan; Membuat keputusan operasional berdasarkan kesimpulan dari berbagai sumber informasi sesuai dengan pedoman yang ada.
B   Sosial Kultural
9.  Perekat Bangsa | 2 | Aktif mengembangkan sikap saling menghargai, menekankan persamaan dan persatuan | Menampilkan sikap dan perilaku yang peduli akan nilai-nilai keberagaman dan menghargai perbedaan;Membangun hubungan baik antar individu dalam organisasi, mitra kerja, pemangku kepentingan;Bersikap tenang, mampu mengendalikan emosi, kemarahan dan frustasi dalam menghadapi pertentangan yang ditimbulkan oleh perbedaan latar belakang, agama/kepercayaan, suku, jender, sosial ekonomi, preferensi politik di lingkungan unit kerjanya.
C.  Teknis
10. Manajemen Perkantoran | 2 | Mampu melaksanakan manajemen perkantoran sesuai pedoman/petunjuk teknis | Mampu mengumpulkan data-data yang mencakup pengelolaan persuratan, barang milik negara, kearsipan, keprotokolan, dan kesekretariatan.Mampu menyajikan data keuangan.Mampu mengolah data-data yang mencakup pengelolaan persuratan, barang milik negara, kearsipan, keprotokolan, dan kesekretariatan.
11. Pembinaan Disiplin Pegawai | 2 | Mampu melaksanakan pembinaan disiplin pegawai sesuai pedoman kerja dan petunjuk teknis | Mampu mengidentifikasi dan menganalisis ketaatan dan pelanggaran atas kewajiban dan larangan yang dilakukan oleh pegawai dan memberi peringatan kepada pegawai;Mampu menyelenggarakan administrasi pelaksanaan penegakan disiplin pegawai di lingkup kewenanganya;Mampu menjelaskan secara lengkap, rinci dan jelas perihal disiplin pegawai kepada masyarakat dan stakeholder.
12. Manajemen Data dan Informasi SDM Aparatur | 2 | Mampu mengoperasikan sistem informasi kepegawaian dan menggunakan dalam administrasi kepegawaian | Mampu mengoperasikan sistem informasi kepegawaian untuk kepentingan unit organisasiMampu menyajikan informasi manajemen SDM yang diperlukan dalam pengelolaan manajemen kepegawaian berdasarkan sistem meritMampu menyajikan informasi kepegawaian yang diperlukan untuk menyusun pola karier dan penerapannya dalam manajemen ASN
13. Manajemen Keuangan | 2 | Mampu melaksanakan manajemen keuangan sesuai pedoman kerja/petunjuk teknis | Mampu mengumpulkan data-data yang mencakup pengelolaan keuangan.Mampu    menyajikan    data    keuangan dengan teliti dan cermat.Mampu mengolah data-data keuangan dengan rinci dan jelas.
14. Manajemen Mutu | 2 | Menerapkan prinsip-prinsip Sistem Manajemen Mutu (SMM) dalam organisasi | Mampu menyiapkan rencana mutuMampu mengidentifikasi penerapan mutu dalam tahapan pekerjaan yang menjadi tugas pokok di unit kerjaMampu melakukan audit mutu
III.  PERSYARATAN JABATAN
Jenis Persyaratan | Uraian | Tingkat pentingnya thd jabatan
Mutlak | Penting | Perlu
A. Pendidikan | 1  Jenjang | Memiliki kualifikasi dan tingkat pendidikan paling rendah diploma III atau yang setara
2  Bidang Ilmu | Teknik/Farmasi/Manajemen/Administrasi Pemerintahan/Hukum/Psikologi/Kedokteran/Kesehatan Masyarakat/Apoteker
B. Pelatihan | 1  Manajerial | Pelatihan Kepemimpinan Tingkat IV (PIM IV) atau yang setara
2  Teknis | Perencanaan Program dan Anggaran
Manajemen SDM
Diklat Manajemen Mutu
Diklat Teknis/Substansi terkait tugas jabatan.
3  Fungsional | - | - | - | -
C. Pengalaman kerja | Memiliki pengalaman dalam Jabatan pelaksana paling singkat 4 (empat) tahun atau JF yang setingkat dengan Jabatan pelaksana sesuai dengan bidang tugas Jabatan yang akan diduduki
D. Pangkat | Paling Rendah Penata Muda Tingkat I (III/b)
E. Indikator Kinerja Jabatan | Tercapainya realisasi anggaran sesuai targetTersusunnya Laporan Kinerja Satuan Kerja sesuai timeline.Terlaksanakannya manajemen kearsipan, SDM, dan BMN sesuai dengan ketentuan.Terlaksanakannya layanan rumah tangga di unit kerja."
3. Form SKJ Pimpinan Tinggi Pratama Kepala Biro SDM (Revisi berdasarkan Review Menpan).docx,"STANDAR KOMPETENSI JABATAN PIMPINAN TINGGI PRATAMA
Nama Jabatan | : | Kepala Biro SDM
Kelompok Jabatan | : | Pimpinan Tinggi Pratama
Urusan Pemerintah | : | Pengawas Obat dan Makanan, Kesekretariatan
Kode Jabatan | : | 1-03-16-01-01-000
JABATAN PIMPINAN TINGGI PRATAMA
I.  IKHTISAR JABATAN
Ikhtisar Jabatan | Melaksanakan koordinasi dan pengelolaan sumber daya manusia yang meliputi penyiapan perumusan, koordinasi dan sinkronisasi pelaksanaan kebijakan, serta pemantauan, analisis, evaluasi, dan pelaporan atas pelaksanaan kebijakan di pengelolaan sumber daya manusia aparatur maupun pemantauan, dan evaluasi kinerja, serta pembinaan dan pemberian dukungan administrasi kepada seluruh unit organisasi di lingkungan Badan POM.
II. STANDAR KOMPETENSI
Kompetensi | Level | Diskripsi | Indikator Kompetensi
A.  Manajerial
1. Integritas | 4 | Mampu menciptakan situasi kerja yang mendorong kepatuhan pada nilai, norma, dan etika organisasi | Menciptakan situasi kerja yang mendorong seluruh pemangku kepentingan mematuhi nilai, norma, dan etika organisasi dalam segala situasi dan kondisi;Mendukung dan menerapkan prinsip moral dan standar etika yang tinggi, serta berani menanggung konsekuensinya;Berani melakukan koreksi atau mengambil tindakan atas penyimpangan kode etik/nilai-nilai yang dilakukan oleh orang lain, pada tataran lingkup kerja setingkat instansi meskipun ada resiko.
2. Kerjasama | 4 | Membangun komitmen tim, sinergi | Membangun sinergi antar unit kerja di lingkup instansi yang dipimpin;Memfasilitasi kepentingan yang berbeda dari unit kerja lain sehingga tercipta sinergi dalam rangka pencapaian target kerja organisasi;Mengembangkan sistem yang menghargai kerja sama antar unit, memberikan dukungan / semangat  untuk memastikan tercapainya sinergi dalam rangka pencapaian target kerja organisasi.
3. Komunikasi | 4 | Mampu mengemukakan pemikiran multidimensi secara lisan dan tertulis untuk mendorong kesepakatan dengan tujuan meningkatkan kinerja secara keseluruhan | Mengintegrasikan informasi-informasi penting hasil diskusi dengan pihak lain untuk mendapatkan pemahaman yang sama; Berbagi informasi dengan pemangku kepentingan untuk tujuan meningkatkan kinerja secara keseluruhan;Menuangkan pemikiran/konsep yang multidimensi dalam bentuk tulisan formal;Menyampaikan informasi secara persuasif untuk mendorong pemangku kepentingan sepakat pada langkah-langkah bersama dengan tujuan meningkatkan kinerja secara keseluruhan.
4. Orientasi pada hasil | 4 | Mendorong unit kerja mencapai target yang ditetapkan atau melebihi hasil kerja sebelumnya | Mendorong unit kerja di tingkat instansi untuk mencapai kinerja yang melebihi target yang ditetapkan;Memantau dan mengevaluasi hasil kerja unitnya agar selaras dengan sasaran strategis instansi;Mendorong pemanfaatan sumber daya bersama antar unit kerja dalam rangka  meningkatkan efektifitas dan efisiensi pencapaian target organisasi.
5  Pelayanan Publik | 4 | Mampu memonitor, mengevaluasi, memperhitungkan dan mengantisipasi dampak dari isu-isu jangka panjang, kesempatan, atau kekuatan politik dalam hal pelayanan kebutuhan pemangku kepentingan yang transparan, objektif, dan profesional | Memahami dan memberi perhatian kepada isu-isu jangka panjang, kesempatan atau kekuatan politik yang mempengaruhi organisasi dalam hubungannya dengan dunia luar, memperhitungkan dan mengantisipasi dampak terhadap pelaksanaan tugas-tugas pelayanan publik secara objektif, transparan, dan profesional dalam lingkup organisasi;Menjaga agar kebijakan pelayanan publik yang diselenggarakan oleh instansinya telah selaras dengan standar pelayanan yang objektif, netral, tidak memihak, tidak diskriminatif, serta tidak terpengaruh kepentingan pribadi/kelompok/partai politik;Menerapkan strategi jangka panjang yang berfokus pada pemenuhan kebutuhan pemangku kepentingan dalam menyusun kebijakan dengan mengikuti standar objektif, netral, tidak memihak, tidak diskriminatif, transparan, tidak terpengaruh kepentingan pribadi/kelompok
6  Pengembangan diri dan orang lain | 4 | Menyusun program pengembangan jangka panjang dalam rangka mendorong manajemen pembelajaran | Menyusun program pengembangan jangka panjang bersama-sama dengan bawahan, termasuk didalamnya penetapan tujuan, bimbingan, penugasan dan pengalaman lainnya, serta mengalokasikan waktu untuk mengikuti pelatihan / pendidikan / pengembangan kompetensi dan karir;Melaksanakan manajemen pembelajaran termasuk evaluasi dan umpan balik pada tataran organisasi;Mengembangkan orang-orang disekitarnya secara konsisten, melakukan kaderisasi untuk posisi-posisi di unit kerjanya
7. Mengelola Perubahan | 4 | Memimpin perubahan pada unit kerja | Mengarahkan unit kerja untuk lebih siap dalam menghadapi perubahan termasuk memitigasi risiko yang mungkin terjadi;Memastikan perubahan sudah diterapkan secara aktif di lingkup unit kerjanya secara berkala;Memimpin dan memastikan penerapan program-program perubahan selaras antar unit kerja
8. Pengambilan Keputusan | 4 | Menyelesaikan masalah yang mengandung risiko tinggi, mengantisipasi dampak keputusan, membuat tindakan pengamanan; mitigasi risiko | Menyusun dan/atau memutuskan konsep penyelesaian masalah yang melibatkan beberapa/seluruh fungsi dalam organisasi;Menghasilkan solusi dari berbagai masalah yang kompleks, terkait dengan bidang kerjanya yang berdampak pada pihak lain.Membuat keputusan dan mengantisipasi dampak keputusannya serta menyiapkan tindakan penanganannya (mitigasi risiko).
B   Sosial Kultural
9.  Perekat Bangsa | 4 | Mendayagunakan perbedaan secara konstruktif dan kreatif untuk meningkatkan efektifitas organisasi | Menginisiasi dan merepresentasikan pemerintah di lingkungan kerja dan masyarakat untuk senantiasa menjaga persatuan dan kesatuan dalam keberagaman dan menerima segala bentuk perbedaan dalam kehidupan bermasyarakat;Mampu mendayagunakan perbedaan latar belakang, agama/kepercayaan, suku, jender, sosial ekonomi, preferensi politik untuk mencapai kelancaran pencapaian tujuan organisasi;Mampu membuat program yang mengakomodasi perbedaan latar belakang, agama/kepercayaan, suku, jender, sosial ekonomi, preferensi politik.
C.  Teknis
10. Penyusunan kebijakan Bidang Sumber Daya Manusia Aparatur | 4 | Mampu memberikanrekomendasi ataskesimpulan kajiankebijakan SDMAparatur | Mampu menyusun rekomendasi kebijakan SDM Aparatur yang berdasar pada bukti (evidence-based policy recommendation)Mampu memberikan rekomendasi atas kesimpulan kajian SDM AparaturMinimal jumlahnya 3 maksimal 5 pada masing masing unit kompetensi
11. Internalisasi Kebijakan Manajemen ASN | 4 | Mampumengembangkanstrategi internalisasikebijakan manajemenASN yang tepat sesuaikondisi. | Mengevaluasi strategi internalisasi yang ada saat ini, menganalisis kekuatan dan kekurangan berbagai metode yang dijalankan dengan kelompok sasaran yang berbeda;Mengembangkan norma standar, prosedur, kriteria, pedoman, dan/atau petunjuk teknis strategi internalisasi kebijakan manajemen ASN;Meningkatkan kapasitas pemangku kepentingan untuk mengembangkan strategi internalisasi yang dapat dijalankan oleh mereka sendiri dalam menerapkan kebijakan manajemen ASN.
12. Manajemen Sumber Daya Manusia Aparatur Sipil Negara | 4 | Menyusun perangkatnorma standarprosedur instrumenpenerapanmanajemen SumberDaya ManusiaAparatur Sipil Negara | Mampu menyusun pedoman petunjuk teknis dalam penerapan manajemen SDM ASN (perencanaan SDM, analisis jabatan, analisis beban kerja, standar kompetensi, perencanaan pengembangan kompetensi, evaluasi jabatan manajemen kinerja, administrasi kepegawaian, disiplin, kode etik kode perilaku, sistem informasi kepegawaian)Memberikan bimbingan dan fasilitasi kepada pengelola kepegawaian dalam penerapan pedoman dan petunjuk teknis (perencanaan SDM, analisis jabatan, analisis beban kerja, standar kompetensi, perencanaan pengembangan kompetensi, evaluasi jabatan manajemen kinerja, disiplin, kode etik kode perilaku, administrasi kepegawaian, sistem informasi kepegawaian)Mampu meyakinkan dan memperoleh dukungan stakeholder terkait dengan konsep manajemen SDM, pengembangan dan penerapannya
13. Pengawalan Sistem Merit | 4 | Mampu menyusunnorma standar,prosedur, pedomanpenerapan sistemmerit | Mengevaluasi metode-metode penerapan sistem merit, menganalisis kelemahan dan kelebihan, menentukan metode evaluasi yang paling efektif dan efisienMenyusun norma, standar, metode, prosedur, pedoman dan petunjuk teknis pengawalan sistem meritMenyusun rekomendasi penggunaan hasil pengawasan sistem merit untuk berbagai kepentingan manajemen SDM.
14. Manajemen Talenta Aparatur Sipil Negara | 4 | Mampu memberikanrekomendasi ataskesimpulan kajian  Manajemen Talenta ASN | Mampu memberikan rekomendasi kebijakan manajemen talenta ASN; mampu menyusun norma, standar, prosedur dan kriteria dalam menyusun kebijakan manajemen talentaMampu menyusun rekomendasi kebijakan Manajemen talenta ASN yang berdasar pada bukti (evidence-based policy recommendation)Mampu meyakinkan stakeholder terhadap konsep manajemen talenta yang disusun
15. Manajemen Data dan Informasi SDM Aparatur | 3 | Mampumengkoordinasikanpenyelenggaraansistem informasikepegawaian, danpenerapannya dalam penyelenggaraanmanajemen ASNdi instansinya | Mampu menyajikan dan menggunakan informasi manajemen SDM untuk pengambilan keputusan dalam pengelolaan pegawai di lingkup unit kerjanyaKemampuan menganalisis informasi manajemen SDM; menyajikan analisis informasi manajemen SDM serta temuan dan rekomendasi hasil analisis informasi manajemen SDMMampu memanfaatkan sistem informasi kepegawaian untuk menyelesaikan permasalahan teknis operasional pelaksanaan manajemen SDM di lingkungan organisasi/unit kerja
III.  PERSYARATAN JABATAN
Jenis Persyaratan | Uraian | Tingkat pentingnya thd jabatan
Mutlak | Penting | Perlu
A  Pendidikan | 1  Jenjang | Minimum Pendidikan Setara S2/Magister
2  Bidang Ilmu | Manajemen SDM, Administrasi Pemerintahan, Administrasi Negara, Hukum, Psikologi, Farmasi, Apoteker, dan bidang ilmu lain yang relevan.
B.  Pelatihan | 1 Manajerial | Pelatihan KepemimpinanNasional Tingkat III(PIM III) | v
Pelatihan KepemimpinanNasional Tingkat II(PIM II) | v
Pelatihan manajerial sesuai dengan kebutuhan jenjang jabatan | v
2 Teknis | PelatihanManajemenSDM; | v
PelatihanPenganggaranBerbasis Kinerja | v
PelatihanManajemenPerkantoran | v
BusinessProcessMapping | v
Pelatihan teknis lain sesuai dengan kebutuhan jenjang jabatan | v
3 Fungsional | Diklat AnalisKebijakan | v
Diklat Analis SDM Aparatur | v
Diklat Asesor SDM Aparatur | v
Diklat fungsional lain sesuai kebutuhan jenjang jabatan | v
C. Pengalaman kerja | Memiliki pengalaman Jabatan dalam bidang tugas yang terkait dengan Jabatan yang akan diduduki secara kumulatif paling singkat selama 5 (lima)tahun | v
sedang atau pernah menduduki Jabatanadministrator atau JF jenjang ahli madya paling singkat 2 (dua) tahun | v
D. Pangkat | Paling rendah Pembina Utama Muda (IV/b)
E. Indikator Kinerja Jabatan | 1. Nilai Indeks Sistem Merit BPOM yang optimal2. Nilai RB BPOM Penataan Sistem Manajemen SDM yang optimal3. Nilai Indeks kepuasan internal BPOM terhadap Layanan Biro SDM yang optimal4. Nilai Indeks Profesionalitas ASN Biro SDM yang optimal5. Nilai Indeks pengelolaan data dan informasi di Biro SDM yang optimal"
5. Form SKJ Pimpinan Tinggi Pratama (Level 4) Kepala PPSDM.docx,"STANDAR KOMPETENSI JABATAN PIMPINAN TINGGI PRATAMA
Nama Jabatan | : | Kepala Pusat Pengembangan SDM POM
Kelompok Jabatan | : | Jabatan Pimpinan Tinggi Pratama
Urusan Pemerintah | : | Kesekretariatan
Kode Jabatan | : | 1-03-16-01-03-000
JABATAN PIMPINAN TINGGI PRATAMA
I.  IKHTISAR JABATAN
Ikhtisar Jabatan | Memimpin dan melaksanakan koordinasi, pembinaan, pemberian dukungan perencanaan strategis program penilaian kompetensi, sertifikasi kompetensi, pengembangan kompetensi, serta pembinaan jabatan fungsional
II. STANDAR KOMPETENSI
Kompetensi | Level | Deskripsi | Indikator Kompetensi
A.  Manajerial
1. Integritas | 4 | Mampu menciptakan situasi kerja yang mendorong kepatuhan pada nilai, norma, dan etika organisasi | Menciptakan situasi kerja yang mendorong seluruh pemangku kepentingan mematuhi nilai, norma, dan etika organisasi dalam segala situasi dan kondisi;Mendukung dan menerapkan prinsip moral dan standar etika yang tinggi, serta berani menanggung konsekuensinya;Berani melakukan koreksi atau mengambil tindakan atas penyimpangan kode etik/nilai-nilai yang dilakukan oleh orang lain, pada tataran lingkup kerja setingkat instansi meskipun ada resiko.
2. Kerjasama | 4 | Membangun komitmen tim, sinergi | Membangun sinergi antar unit kerja di lingkup instansi yang dipimpin;Memfasilitasi kepentingan yang berbeda dari unit kerja lain sehingga tercipta sinergi dalam rangka pencapaian target kerja organisasi;Mengembangkan sistem yang menghargai kerja sama antar unit, memberikan dukungan / semangat  untuk memastikan tercapainya sinergi dalam rangka pencapaian target kerja organisasi.
3. Komunikasi | 4 | Mampu mengemukakan pemikiran multidimensi secara lisan dan tertulis untuk mendorong kesepakatan dengan tujuan meningkatkan kinerja secara keseluruhan | Mengintegrasikan informasi-informasi penting hasil diskusi dengan pihak lain untuk mendapatkan pemahaman yang sama; Berbagi informasi dengan pemangku kepentingan untuk tujuan meningkatkan kinerja secara keseluruhan;Menuangkan pemikiran/konsep yang multidimensi dalam bentuk tulisan formal;Menyampaikan informasi secara persuasif untuk mendorong pemangku kepentingan sepakat pada langkah-langkah bersama dengan tujuan meningkatkan kinerja secara keseluruhan.
4. Orientasi pada hasil | 4 | Mendorong unit kerja mencapai target yang ditetapkan atau melebihi hasil kerja sebelumnya | Mendorong unit kerja di tingkat instansi untuk mencapai kinerja yang melebihi target yang ditetapkan;Memantau dan mengevaluasi hasil kerja unitnya agar selaras dengan sasaran strategis instansi;Mendorong pemanfaatan sumber daya bersama antar unit kerja dalam rangka  meningkatkan efektifitas dan efisiensi pencapaian target organisasi.
5  Pelayanan Publik | 4 | Mampu memonitor, mengevaluasi, memperhitungkan dan mengantisipasi dampak dari isu-isu jangka panjang, kesempatan, atau kekuatan politik dalam hal pelayanan kebutuhan pemangku kepentingan yang transparan, objektif, dan profesional | Memahami dan memberi perhatian kepada isu-isu jangka panjang, kesempatan atau kekuatan politik yang mempengaruhi organisasi dalam hubungannya dengan dunia luar, memperhitungkan dan mengantisipasi dampak terhadap pelaksanaan tugas-tugas pelayanan publik secara objektif, transparan, dan profesional dalam lingkup organisasi;Menjaga agar kebijakan pelayanan publik yang diselenggarakan oleh instansinya telah selaras dengan standar pelayanan yang objektif, netral, tidak memihak, tidak diskriminatif, serta tidak terpengaruh kepentingan pribadi/kelompok/partai politik;Menerapkan strategi jangka panjang yang berfokus pada pemenuhan kebutuhan pemangku kepentingan dalam menyusun kebijakan dengan mengikuti standar objektif, netral, tidak memihak, tidak diskriminatif, transparan, tidak terpengaruh kepentingan pribadi/kelompok
6  Pengembangan diri dan orang lain | 4 | Menyusun program pengembangan jangka panjang dalam rangka mendorong manajemen pembelajaran | Menyusun program pengembangan jangka panjang bersama-sama dengan bawahan, termasuk didalamnya penetapan tujuan, bimbingan, penugasan dan pengalaman lainnya, serta mengalokasikan waktu untuk mengikuti pelatihan / pendidikan / pengembangan kompetensi dan karir;Melaksanakan manajemen pembelajaran termasuk evaluasi dan umpan balik pada tataran organisasi;Mengembangkan orang-orang disekitarnya secara konsisten, melakukan kaderisasi untuk posisi-posisi di unit kerjanya
7. Mengelola Perubahan | 4 | Memimpin perubahan pada unit kerja | Mengarahkan unit kerja untuk lebih siap dalam menghadapi perubahan termasuk memitigasi risiko yang mungkin terjadi;Memastikan perubahan sudah diterapkan secara aktif di lingkup unit kerjanya secara berkala;Memimpin dan memastikan penerapan program-program perubahan selaras antar unit kerja
8. Pengambilan Keputusan | 4 | Menyelesaikan masalah yang mengandung risiko tinggi, mengantisipasi dampak keputusan, membuat tindakan pengamanan; mitigasi risiko | Menyusun dan/atau memutuskan konsep penyelesaian masalah yang melibatkan beberapa/seluruh fungsi dalam organisasi;Menghasilkan solusi dari berbagai masalah yang kompleks, terkait dengan bidang kerjanya yang berdampak pada pihak lain.Membuat keputusan dan mengantisipasi dampak keputusannya serta menyiapkan tindakan penanganannya (mitigasi risiko).
B   Sosial Kultural
9.  Perekat Bangsa | 4 | Mendayagunakan perbedaan secara konstruktif dan kreatif untuk meningkatkan efektifitas organisasi | Menginisiasi dan merepresentasikan pemerintah di lingkungan kerja dan masyarakat untuk senantiasa menjaga persatuan dan kesatuan dalam keberagaman dan menerima segala bentuk perbedaan dalam kehidupan bermasyarakat;Mampu mendayagunakan perbedaan latar belakang, agama/kepercayaan, suku, gender, sosial ekonomi, preferensi politik untuk mencapai kelancaran pencapaian tujuan organisasi;Mampu membuat program yang mengakomodasi perbedaan latar belakang, agama/kepercayaan, suku, gender, sosial ekonomi, preferensi politik.
C.  Teknis
10. Manajemen Sistem Penilaian Kompetensi. | 4 | Mampu menyusun mengembangkan norma, standar, kriteria, pedoman, petunjuk teknis, materi penilaian kompetensi | Mampu melakukan evaluasi atas sistem, teknik dan metode norma, standar, kriteria, prosedur, pedoman, petunjuk teknis penilaian kompetensi yang ada dan pelaksanaanya, mencari kelemahan dan kelebihan serta tingkat validitas penilaianMampu menyusun sistem, teknik dan metode norma, standar, kriteria, prosedur, pedoman, petunjuk teknis penilaian kompetensi dan penggunaannyaMampu melakukan uji kompetensi terhadap pegawai penguji kompetensi (asesor)
11.Pengembangan Kompetensi ASN | 4 | Mampu menganalisis pelaksanaan penyusunan kebutuhan pengembangan kompetensi ASN Mampu meningkatkan efisiensi dan/ atau efektivitas penyusunan kebutuhan pengembangan kompetensi ASN | 4.1 Mampu mengevaluasi konsep dan praktik secara komprehensif serta memberikan rekomendasi dalam rangka peningkatan efisiensi dan/ atau efektivitas penyusunan kebutuhan pengembangan kompetensi ASN. 4.2Mampu memperbaiki atau mengembangkan metode dalam praktik penyusunan kebutuhan pengembangan kompetensi ASN di lingkup instansinya dengan komprehensif. 4.3Mampu menjadi rujukan dalam kapasitas praktik penyusunan kebutuhan pengembangan kompetensi ASN, antara lain dalam bentuk sumber informasi, bantuan pendampingan teknis, dan/atau pengujian kompetensi pada lingkup instansinya.
12. Penyelenggaraan Pelatihan ASN | 4 | Mampu meningkatkan efisiensi dan atau/efektivitas penyelenggaraan pelatihan ASN | Mampu mengevaluasi konsep dan praktik secara komprehensif serta memberikan rekomendasi dalam rangka peningkatan efisiensi dan/ atau efektivitas penyelenggaraan pelatihan ASN. Mampu memperbaiki atau mengembangkan metode dalam praktik penyelenggaraan pelatihan ASN di lingkup instansinya dengan komprehensif. Mampu menjadi rujukan dalam kapasitas praktik penyelenggaraan pelatihan ASN, antara lain dalam bentuk sumber informasi, bantuan pendampingan teknis, dan/ atau pengujian kompetensi pada lingkup instansinya.
13. Pengelolaan Jabatan Fungsional | 4 | Mengevaluasi dan merekomendasikan pengembangan dan penilaian jabatan fungsional | Mampu mengevaluasipendayagunaan dan pengembangan jabatan fungsionalMampu memberikan solusi terhadap permasalahan yang muncul terkait pendayagunaan dan pengembangan jabatan fungsionalMampu merekomendasikan pendayagunaan dan pengembangan jabatan fungsional, serta penilaian jabatan fungsional.
III.  PERSYARATAN JABATAN
Jenis Persyaratan | Uraian | Tingkat pentingnya thd jabatan
Mutlak | Penting | Perlu
A  Pendidikan | 1  Jenjang | Minimum Pendidikan Setara S2/Magister
2  Bidang Ilmu | Teknik/Farmasi/Manajemen/Administrasi Pemerintahan/Psikologi/Hukum/Ilmu Sosial/MIPA/Pertanian
B.  Pelatihan | 1 Manajerial | Pelatihan KepemimpinanNasional Tingkat III(PIM III) atau yang setara
Pelatihan Manajerial sesuai dengan kebutuhan jenjang jabatan
2 Teknis | Manajemen Pengelolaan Pelatihan.
Manajemen Pengelolaan Penyelenggaraan Penilaian Kompetensi
3 Fungsional | -
C. Pengalaman kerja | Memiliki  pengalamanjabatan dalam bidangtugas yang terkaitdengan dukunganurusan SDM secarakumulatif palingsingkat selama 3(tiga) tahun.Sedang atau pernahmenduduki JabatanAdministrator atauJabatan Fungsionaljenjang ahli madyapaling singkat 2 (dua)tahun.
D. Pangkat | Pembina Utama Muda/ IV/b.
E. Indikator Kinerja Jabatan | Persentase SDM POM yang memenuhi standar kompetensi.Jumlah SDM POM yang tersertifikasi sesuai standarPersentase SDM Badan POM yang dikembangkan kompetensinya oleh PPSDM POM.Persentase layanan pembinaan PFM yang dilaksanakan tepat waktu"
6. Form SKJ Pimpinan Tinggi Pratama  Kepala Biro Hukor.docx,"STANDAR KOMPETENSI JABATAN PIMPINAN TINGGI PRATAMA
Nama Jabatan | : | Biro Hukum dan Organisasi
Kelompok Jabatan | : | Jabatan Pimpinan Tinggi Pratama
Urusan Pemerintah | : | Kesekretariatan Bidang Pengawas Farmasi dan Makanan
Kode Jabatan | : | 1-03-16-01-04-000
JABATAN PIMPINAN TINGGI PRATAMA
I.  IKHTISAR JABATAN
Ikhtisar Jabatan | Menyusun Kebijakan dan menyelenggarakan koordinasi terhadap seluruh Unit Kerja dan Satuan Kerja dibawahnya dalam melaksanakan kebijakan di bidang penyusunan peraturan perundang-undangan, advokasi hukum, penataan organisasi dan tata laksana, dan pengelolaan pengaduan masyarakat
II. STANDAR KOMPETENSI
Kompetensi | Level | Diskripsi | Indikator Kompetensi
A.  Manajerial
1. Integritas | 4 | Mampu menciptakan situasi kerja yang mendorong kepatuhan pada nilai, norma, dan etika organisasi | Menciptakan situasi kerja yang mendorong seluruh pemangku kepentingan mematuhi nilai, norma, dan etika organisasi dalam segala situasi dan kondisi;Mendukung dan menerapkan prinsip moral dan standar etika yang tinggi, serta berani menanggung konsekuensinya;Berani melakukan koreksi atau mengambil tindakan atas penyimpangan kode etik/nilai-nilai yang dilakukan oleh orang lain, pada tataran lingkup kerja setingkat instansi meskipun ada resiko.
2. Kerjasama | 4 | Membangun komitmen tim, sinergi | Membangun sinergi antar unit kerja di lingkup instansi yang dipimpin;Memfasilitasi kepentingan yang berbeda dari unit kerja lain sehingga tercipta sinergi dalam rangka pencapaian target kerja organisasi;Mengembangkan sistem yang menghargai kerja sama antar unit, memberikan dukungan / semangat  untuk memastikan tercapainya sinergi dalam rangka pencapaian target kerja organisasi.
3. Komunikasi | 4 | Mampu mengemukakan pemikiran multidimensi secara lisan dan tertulis untuk mendorong kesepakatan dengan tujuan meningkatkan kinerja secara keseluruhan | Mengintegrasikan informasi-informasi penting hasil diskusi dengan pihak lain untuk mendapatkan pemahaman yang sama; Berbagi informasi dengan pemangku kepentingan untuk tujuan meningkatkan kinerja secara keseluruhan;Menuangkan pemikiran/konsep yang multidimensi dalam bentuk tulisan formal;Menyampaikan informasi secara persuasif untuk mendorong pemangku kepentingan sepakat pada langkah-langkah bersama dengan tujuan meningkatkan kinerja secara keseluruhan.
4. Orientasi pada hasil | 4 | Mendorong unit kerja mencapai target yang ditetapkan atau melebihi hasil kerja sebelumnya | Mendorong unit kerja di tingkat instansi untuk mencapai kinerja yang melebihi target yang ditetapkan;Memantau dan mengevaluasi hasil kerja unitnya agar selaras dengan sasaran strategis instansi;Mendorong pemanfaatan sumber daya bersama antar unit kerja dalam rangka  meningkatkan efektifitas dan efisiensi pencapaian target organisasi.
5  Pelayanan Publik | 4 | Mampu memonitor, mengevaluasi, memperhitungkan dan mengantisipasi dampak dari isu-isu jangka panjang, kesempatan, atau kekuatan politik dalam hal pelayanan kebutuhan pemangku kepentingan yang transparan, objektif, dan profesional | Memahami dan memberi perhatian kepada isu-isu jangka panjang, kesempatan atau kekuatan politik yang mempengaruhi organisasi dalam hubungannya dengan dunia luar, memperhitungkan dan mengantisipasi dampak terhadap pelaksanaan tugas-tugas pelayanan publik secara objektif, transparan, dan professional dalam lingkup organisasi;Menjaga agar kebijakan pelayanan publik yang diselenggarakan oleh instansinya telah selaras dengan standar pelayanan yang objektif, netral, tidak memihak, tidak diskriminatif, serta tidak terpengaruh kepentingan pribadi/kelompok/partai politik;Menerapkan strategi jangka panjang yang berfokus pada pemenuhan kebutuhan pemangku kepentingan dalam menyusun kebijakan dengan mengikuti standar objektif, netral, tidak memihak, tidak diskriminatif, transparan, tidak terpengaruh kepentingan pribadi/kelompok
6  Pengembangan diri dan orang lain | 4 | Menyusun program pengembangan jangka panjang dalam rangka mendorong manajemen pembelajaran | Menyusun program pengembangan jangka panjang bersama-sama dengan bawahan, termasuk didalamnya penetapan tujuan, bimbingan, penugasan dan pengalaman lainnya, serta mengalokasikan waktu untuk mengikuti pelatihan / pendidikan / pengembangan kompetensi dan karir;Melaksanakan manajemen pembelajaran termasuk evaluasi dan umpan balik pada tataran organisasi;Mengembangkan orang-orang disekitarnya secara konsisten, melakukan kaderisasi untuk posisi-posisi di unit kerjanya
7. Mengelola Perubahan | 4 | Memimpin perubahan pada unit kerja | Mengarahkan unit kerja untuk lebih siap dalam menghadapi perubahan termasuk memitigasi risiko yang mungkin terjadi;Memastikan perubahan sudah diterapkan secara aktif di lingkup unit kerjanya secara berkala;Memimpin dan memastikan penerapan program-program perubahan selaras antar unit kerja
8. Pengambilan Keputusan | 4 | Menyelesaikan masalah yang mengandung risiko tinggi, mengantisipasi dampak keputusan, membuat tindakan pengamanan; mitigasi risiko | Menyusun dan/atau memutuskan konsep penyelesaian masalah yang melibatkan beberapa/seluruh fungsi dalam organisasi;Menghasilkan solusi dari berbagai masalah yang kompleks, terkait dengan bidang kerjanya yang berdampak pada pihak lain.Membuat keputusan dan mengantisipasi dampak keputusannya serta menyiapkan tindakan penanganannya (mitigasi risiko).
B   Sosial Kultural
9.  Perekat Bangsa | 4 | Mendayagunakan perbedaan secara konstruktif dan kreatif untuk meningkatkan efektifitas organisasi | Menginisiasi dan merepresentasikan pemerintah di lingkungan kerja dan masyarakat untuk senantiasa menjaga persatuan dan kesatuan dalam keberagaman dan menerima segala bentuk perbedaan dalam kehidupan bermasyarakat;Mampu mendayagunakan perbedaan latar belakang, agama/kepercayaan, suku, jender, sosial ekonomi, preferensi politik untuk mencapai kelancaran pencapaian tujuan organisasi;Mampu membuat program yang mengakomodasi perbedaan latar belakang, agama/kepercayaan, suku, jender, sosial ekonomi, preferensi politik.
C.  Teknis
10. Advokasi Kebijakan Bidang Kelembagaan Dan Tata Laksana | 4 | Mampu mengevaluasi dan mengembangkan teknik advokasi kebijakan Bidang Kelembagaan dan Tata Laksana | 4.1 Mampu melakukan evaluasi terhadap teknik/metode/sistem cara kerja, mencari kelebihan dan kekurangan, melakukan pengembangan atau perbaikan advokasi kebijakan Bidang Kelembagaan dan Tata Laksana;4.2 Mampu menyusun pedoman, petunjuk teknis, cara kerja yang dijadikan norma, standar, prosedur, instrumen pelaksanaan advokasi kebijakan Bidang Kelembagaan dan Tata Laksana.4.3 Mampu meyakinkan dan memperoleh dukungan dari stakeholder terhadap pelaksanaan penyusunan kebijakan, memberikan bimbingan dan fasilitasi kepada instansi lain atau stakeholder terkait advokasi kebijakan Bidang Kelembagaan dan Tata Laksana.
11.Advokasi Kebijakan Bidang Pelayanan Publik | 4 | Mampu mengevaluasi dan mengembangkan teknik advokasi kebijakan Bidang Pelayanan Publik | 4.1Mampu melakukan evaluasi terhadap teknik/metode/sistem cara kerja, mencari kelebihan dan kekurangan, melakukan pengembangan atau perbaikan advokasi kebijakan Bidang Pelayanan Publik4.2 Mampu menyusun pedoman, petunjuk teknis, cara kerja yang dijadikan norma, standar, prosedur, instrumen pelaksanaan advokasi kebijakan Bidang Pelayanan Publik.4.3 Mampu meyakinkan dan memperoleh dukungan dari stakeholder terhadap pelaksanaan penyusunan kebijakan, memberikan bimbingan dan fasilitasi kepada instansi lain atau stakeholder terkait advokasi kebijakan Bidang Pelayanan Publik.
12. Penyusunan Standar Pelayanan | 4 | Merumuskan kebijakan pelayanan publik dan penyelenggaraan pelayanan publik | 4.1 Mampu membuat rumusan kebijakan mengenai perbaikan pelayanan publik4.2 4.3 Mampu mengkomunikasikan rumusan kebijakan tersebut kepada pemangku kepentingan di dalam maupun di luar Kementerian
13. Analisis dan Evaluasi Hukum | 4 | Mampu mengevaluasi dan menyusun perangkat norma standar         prosedur instrumen Analisis dan Evaluasi Hukum Nasional | 4.1.
14. Pembentukan Peraturan Perundang-Undangan | 4 | Mampu merumuskan dan menyempurnakan Naskah Akademik dan naskah rancangan dalam Pembentukan Peraturan Perundang- undangan | 4.14.2 Mampu menyusun pedoman, petunjuk teknis, dan cara kerja yang dapat dijadikan norma standar, prosedur, dan instrumen pelaksanaan pembentukan peraturan perundang undangan.4.3
15. Penyelenggaraan Bantuan Hukum | 4 | Mampu mengevaluasi dan menyusun perangkat norma standar prosedur instrumen penyelenggaraan bantuan hukum | 4.14.2 Mampu menyusun pedoman, petunjuk teknis, dan cara kerja yang dapat dijadikan norma standar, prosedur, dan instrumen penyelenggaraan bantuan hukum.4.3penyelenggaraan bantuan hukum nasional sehingga memperoleh dukungan, dan memberikan bimbingan maupun fasilitasi kepada instansi lain atau stakeholder terkait penyelenggaraan bantuan hukum
III.  PERSYARATAN JABATAN
Jenis Persyaratan | Uraian | Tingkat pentingnya thd jabatan
Mutlak | Penting | Perlu
A  Pendidikan | 1  Jenjang | Minimum Pendidikan Setara S2/Magister
2  Bidang Ilmu | Hukum, Administrasi Pemerintahan,Administrasi Negara
B.  Pelatihan | 1 Manajerial | Diklat PIM 2Pelatihan Executive Development ProgramPelatihan Manajemen Sumber Daya | √ | √√
2 Teknis | 1.Legal dan Legislative Drafting;2. 3. Policy Brief/Policy Paper | √√√
3 Fungsional | -
C. Pengalaman kerja | 1.2. | √
D. Pangkat | Minimal Pembina Tk.I Gol IV/b
E. Indikator Kinerja Jabatan | 1. 2.3.4.5. 6.7.8.9.10.11.Persentase Layanan Pengaduan dan Informasi yang selesai ditindaklanjuti12.13. Indeks Pelayanan Publik.14.15.16.17."
7. SKJ Pimp Tinggi Pratama_Karo KSHM_rev 171123.docx,"STANDAR KOMPETENSI JABATAN PIMPINAN TINGGI PRATAMA
Nama Jabatan | : | Kepala Biro Kerja Sama dan Hubungan Masyarakat
Kelompok Jabatan | : | Jabatan Pimpinan Tinggi
Urusan Pemerintah | : | Kesekretariatan
Kode Jabatan | : | 1-03-16-01-05-000
JABATAN PIMPINAN TINGGI PRATAMA
I.  IKHTISAR JABATAN
Ikhtisar Jabatan | Menyusun kebijakan dan menyelenggarakan koordinasi terhadap seluruh unit kerja atau satuan kerja di bawahnya dalam rangka melaksanakan kebijakan di bidang kerja sama dalam dan luar negeri serta kehumasan.
II. STANDAR KOMPETENSI
Kompetensi | Level | Diskripsi | Indikator Kompetensi
A.  Manajerial
1. Integritas | 4 | Mampu menciptakan situasi kerja yang mendorong kepatuhan pada nilai, norma, dan etika organisasi | Menciptakan situasi kerja yang mendorong seluruh pemangku kepentingan mematuhi nilai, norma, dan etika organisasi dalam segala situasi dan kondisi;Mendukung dan menerapkan prinsip moral dan standar etika yang tinggi, serta berani menanggung konsekuensinya;Berani melakukan koreksi atau mengambil tindakan atas penyimpangan kode etik/nilai-nilai yang dilakukan oleh orang lain, pada tataran lingkup kerja setingkat instansi meskipun ada resiko.
2. Kerjasama | 4 | Membangun komitmen tim, sinergi | Membangun sinergi antar unit kerja di lingkup instansi yang dipimpin;Memfasilitasi kepentingan yang berbeda dari unit kerja lain sehingga tercipta sinergi dalam rangka pencapaian target kerja organisasi;Mengembangkan sistem yang menghargai kerja sama antar unit, memberikan dukungan / semangat  untuk memastikan tercapainya sinergi dalam rangka pencapaian target kerja organisasi.
3. Komunikasi | 4 | Mampu mengemukakan pemikiran multidimensi secara lisan dan tertulis untuk mendorong kesepakatan dengan tujuan meningkatkan kinerja secara keseluruhan | Mengintegrasikan informasi-informasi penting hasil diskusi dengan pihak lain untuk mendapatkan pemahaman yang sama; Berbagi informasi dengan pemangku kepentingan untuk tujuan meningkatkan kinerja secara keseluruhan;Menuangkan pemikiran/konsep yang multidimensi dalam bentuk tulisan formal;Menyampaikan informasi secara persuasif untuk mendorong pemangku kepentingan sepakat pada langkah-langkah bersama dengan tujuan meningkatkan kinerja secara keseluruhan.
4. Orientasi pada hasil | 4 | Mendorong unit kerja mencapai target yang ditetapkan atau melebihi hasil kerja sebelumnya | Mendorong unit kerja di tingkat instansi untuk mencapai kinerja yang melebihi target yang ditetapkan;Memantau dan mengevaluasi hasil kerja unitnya agar selaras dengan sasaran strategis instansi;Mendorong pemanfaatan sumber daya bersama antar unit kerja dalam rangka  meningkatkan efektifitas dan efisiensi pencapaian target organisasi.
5  Pelayanan Publik | 4 | Mampu memonitor, mengevaluasi, memperhitungkan dan mengantisipasi dampak dari isu-isu jangka panjang, kesempatan, atau kekuatan politik dalam hal pelayanan kebutuhan pemangku kepentingan yang transparan, objektif, dan profesional | Memahami dan memberi perhatian kepada isu-isu jangka panjang, kesempatan atau kekuatan politik yang mempengaruhi organisasi dalam hubungannya dengan dunia luar, memperhitungkan dan mengantisipasi dampak terhadap pelaksanaan tugas-tugas pelayanan publik secara objektif, transparan, dan professional dalam lingkup organisasi;Menjaga agar kebijakan pelayanan publik yang diselenggarakan oleh instansinya telah selaras dengan standar pelayanan yang objektif, netral, tidak memihak, tidak diskriminatif, serta tidak terpengaruh kepentingan pribadi/kelompok/partai politik;Menerapkan strategi jangka panjang yang berfokus pada pemenuhan kebutuhan pemangku kepentingan dalam menyusun kebijakan dengan mengikuti standar objektif, netral, tidak memihak, tidak diskriminatif, transparan, tidak terpengaruh kepentingan pribadi/kelompok
6  Pengembangan diri dan orang lain | 4 | Menyusun program pengembangan jangka panjang dalam rangka mendorong manajemen pembelajaran | Menyusun program pengembangan jangka panjang bersama-sama dengan bawahan, termasuk didalamnya penetapan tujuan, bimbingan, penugasan dan pengalaman lainnya, serta mengalokasikan waktu untuk mengikuti pelatihan / pendidikan / pengembangan kompetensi dan karir;Melaksanakan manajemen pembelajaran termasuk evaluasi dan umpan balik pada tataran organisasi;Mengembangkan orang-orang disekitarnya secara konsisten, melakukan kaderisasi untuk posisi-posisi di unit kerjanya
7. Mengelola Perubahan | 4 | Memimpin perubahan pada unit kerja | Mengarahkan unit kerja untuk lebih siap dalam menghadapi perubahan termasuk memitigasi risiko yang mungkin terjadi;Memastikan perubahan sudah diterapkan secara aktif di lingkup unit kerjanya secara berkala;Memimpin dan memastikan penerapan program-program perubahan selaras antar unit kerja
8. Pengambilan Keputusan | 4 | Menyelesaikan masalah yang mengandung risiko tinggi, mengantisipasi dampak keputusan, membuat tindakan pengamanan; mitigasi risiko | Menyusun dan/atau memutuskan konsep penyelesaian masalah yang melibatkan beberapa/seluruh fungsi dalam organisasi;Menghasilkan solusi dari berbagai masalah yang kompleks, terkait dengan bidang kerjanya yang berdampak pada pihak lain.Membuat keputusan dan mengantisipasi dampak keputusannya serta menyiapkan tindakan penanganannya (mitigasi risiko).
B   Sosial Kultural
9.  Perekat Bangsa | 4 | Mendayagunakan perbedaan secara konstruktif dan kreatif untuk meningkatkan efektifitas organisasi | Menginisiasi dan merepresentasikan pemerintah di lingkungan kerja dan masyarakat untuk senantiasa menjaga persatuan dan kesatuan dalam keberagaman dan menerima segala bentuk perbedaan dalam kehidupan bermasyarakat;Mampu mendayagunakan perbedaan latar belakang, agama/kepercayaan, suku, jender, sosial ekonomi, preferensi politik untuk mencapai kelancaran pencapaian tujuan organisasi;Mampu membuat program yang mengakomodasi perbedaan latar belakang, agama/kepercayaan, suku, jender, sosial ekonomi, preferensi politik.
C.  Teknis
10. Penyelenggaraan Kerja sama | 4 | Memberikan rekomendasi terkait kebijakan kerja sama | Mampu membandingkan efektivitas kerja sama yang dilakukan setelah dan sebelum kerja sama dilakukan dan dapat memberikan rekomendasi terhadap perbaikan bentuk kerja sama kedepan sesuai kebutuhan;Mampu memberikan rekomendasi kebijakan kerja sama dengan memberikan rekomendasi yang tepat dan aplikatif sesuai dengan bentuk dan metode yang akan dikembangkan kedepan terkait konsep kerja sama;Mampu meyakinkan stakeholder terhadap konsep kerja sama yang lebih baik dan berguna.
11. Pengelolaan Kegiatan Kerja Sama | 4 | Kemampuan memahami, melaksanakan, menganalisa, mengevaluasi dan merekomendasikan perbaikan dan mengembangkan pola kerjasama. | Mampu menyimpulkan hasil kerjasama.Mampu menilai dan mengusulkan langkah- langkah terbaik untuk mengatasi permasalahanMampu menilai dan mengusulkan langkah- langkah terbaik untuk mengatasi permasalahan
12. Kehumasan | 4 | Mengevaluasi penyelenggaraan kegiatan kehumasan kementerian | Mampu menilai pola dan mekanisme penyelenggaraan kehumasan yang ada.Mampu menilai efektivitas penyampaian informasi melalui bidang kehumasan.Mampu menilai strategi penyelenggaraan kehumasan.
III.  PERSYARATAN JABATAN
Jenis Persyaratan | Uraian | Tingkat pentingnya terhadap jabatan
Mutlak | Penting | Perlu
A  Pendidikan | 1  Jenjang | Minimum Pendidikan Setara S2/Magister
2  Bidang Ilmu | Ilmu Komunikasi, Hubungan Internasional, Farmasi, Hukum, Ekonomi, dll.
B.  Pelatihan | 1 Manajerial | Pelatihan Kepemimpinan Nasional Tingkat III | ✔
Pelatihan Kepemimpinan Nasional Tingkat II | ✔
Pelatihan Manajerial sesuai dengan kebutuhan jenjang jabatan | ✔
2 Teknis | Diklat Public SpeakingDiklat Komunikasi/Diplomasi/NegosiasiPelatihan teknis lainnya sesuai dengan kebutuhan jenjang jabatannya | ✔✔     ✔✔
3 Fungsional | Diklat Fungsional yang sesuai dengan kebutuhan jenjang jabatannya | ✔
4 Sertifikasi | Memiliki sertifikasi yang menunjukkan kemampuan Bahasa Inggris (Toefl minimal 550, IELTS minimal 6 dan sertifikasi bahasa Inggris lainnya dengan konversi yang setara) | ✔
C. Pengalaman kerja | ● ● | ✔✔
D. Pangkat | Minimal Pembina tk.1 / IVb
E. Indikator Kinerja Jabatan | Persentase kerja sama yang ditindaklanjuti sesuai ketentuanPersentase peran Badan POM dalam forum Bilateral, Regional dan MultilateralIndeks kepuasan mediaIndeks opini publik BPOMIndeks kepuasan internal BPOM terhadap layanan dukungan manajemen Biro Kerja Sama dan HumasPersentase dokumen kerja sama yang diselesaikan tepat waktuJumlah negara yang mendapatkan dukungan penguatan di bidang obat dan makanan dalam skema kerja sama selatan-selatanPersentase kualitas BPOM di mediaPersentase permohonan wawancara media yang ditindaklanjutiPersentase publikasi kinerja BPOM sesuai agenda setting"
8. Form SKJ Pimpinan Tinggi Pratama (Level 4)-Karorenkeu_v3_17 nov 2023.docx,"STANDAR KOMPETENSI JABATAN PIMPINAN TINGGI PRATAMA
Nama Jabatan | : | Kepala Biro Perencanaan dan Keuangan
Kelompok Jabatan | : | Jabatan Pimpinan Tinggi Pratama
Urusan Pemerintah | : | Kesekretariatan
Kode Jabatan | : | 1-03-16-01-06-000
JABATAN PIMPINAN TINGGI PRATAMA
I.  IKHTISAR JABATAN
Ikhtisar Jabatan | mempunyai tugas mengkoordinasi, menyusun, mengintegrasikan rencana strategis, rencana tahunan, mengkoordinasi penyusunan apbn, pengelolaan pinjaman dan hibah luar negeri, mengkoordinasi pemantauan, evaluasi dan pelaporan kinerja organisasi, mengkoordinasi pengelolaan dan pelaporan keuangan serta pelaksanaan urusan  tata usaha dan rumah tangga biro
II. STANDAR KOMPETENSI
Kompetensi | Level | Diskripsi | Indikator Kompetensi
A.  Manajerial
1. Integritas | 4 | Mampu menciptakan situasi kerja yang mendorong kepatuhan pada nilai, norma, dan etika organisasi | Menciptakan situasi kerja yang mendorong seluruh pemangku kepentingan mematuhi nilai, norma, dan etika organisasi dalam segala situasi dan kondisi;Mendukung dan menerapkan prinsip moral dan standar etika yang tinggi, serta berani menanggung konsekuensinya;Berani melakukan koreksi atau mengambil tindakan atas penyimpangan kode etik/nilai-nilai yang dilakukan oleh orang lain, pada tataran lingkup kerja setingkat instansi meskipun ada resiko.
2. Kerjasama | 4 | Membangun komitmen tim, sinergi | Membangun sinergi antar unit kerja di lingkup instansi yang dipimpin;Memfasilitasi kepentingan yang berbeda dari unit kerja lain sehingga tercipta sinergi dalam rangka pencapaian target kerja organisasi;Mengembangkan sistem yang menghargai kerja sama antar unit, memberikan dukungan / semangat  untuk memastikan tercapainya sinergi dalam rangka pencapaian target kerja organisasi.
3. Komunikasi | 4 | Mampu mengemukakan pemikiran multidimensi secara lisan dan tertulis untuk mendorong kesepakatan dengan tujuan meningkatkan kinerja secara keseluruhan | Mengintegrasikan informasi-informasi penting hasil diskusi dengan pihak lain untuk mendapatkan pemahaman yang sama; Berbagi informasi dengan pemangku kepentingan untuk tujuan meningkatkan kinerja secara keseluruhan;Menuangkan pemikiran/konsep yang multidimensi dalam bentuk tulisan formal;Menyampaikan informasi secara persuasif untuk mendorong pemangku kepentingan sepakat pada langkah-langkah bersama dengan tujuan meningkatkan kinerja secara keseluruhan.
4. Orientasi pada hasil | 4 | Mendorong unit kerja mencapai target yang ditetapkan atau melebihi hasil kerja sebelumnya | Mendorong unit kerja di tingkat instansi untuk mencapai kinerja yang melebihi target yang ditetapkan;Memantau dan mengevaluasi hasil kerja unitnya agar selaras dengan sasaran strategis instansi;Mendorong pemanfaatan sumber daya bersama antar unit kerja dalam rangka  meningkatkan efektifitas dan efisiensi pencapaian target organisasi.
5  Pelayanan Publik | 4 | Mampu memonitor, mengevaluasi, memperhitungkan dan mengantisipasi dampak dari isu-isu jangka panjang, kesempatan, atau kekuatan politik dalam hal pelayanan kebutuhan pemangku kepentingan yang transparan, objektif, dan profesional | Memahami dan memberi perhatian kepada isu-isu jangka panjang, kesempatan atau kekuatan politik yang mempengaruhi organisasi dalam hubungannya dengan dunia luar, memperhitungkan dan mengantisipasi dampak terhadap pelaksanaan tugas-tugas pelayanan publik secara objektif, transparan, dan professional dalam lingkup organisasi;Menjaga agar kebijakan pelayanan publik yang diselenggarakan oleh instansinya telah selaras dengan standar pelayanan yang objektif, netral, tidak memihak, tidak diskriminatif, serta tidak terpengaruh kepentingan pribadi/kelompok/partai politik;Menerapkan strategi jangka panjang yang berfokus pada pemenuhan kebutuhan pemangku kepentingan dalam menyusun kebijakan dengan mengikuti standar objektif, netral, tidak memihak, tidak diskriminatif, transparan, tidak terpengaruh kepentingan pribadi/kelompok
6  Pengembangan diri dan orang lain | 4 | Menyusun program pengembangan jangka panjang dalam rangka mendorong manajemen pembelajaran | Menyusun program pengembangan jangka panjang bersama-sama dengan bawahan, termasuk didalamnya penetapan tujuan, bimbingan, penugasan dan pengalaman lainnya, serta mengalokasikan waktu untuk mengikuti pelatihan / pendidikan / pengembangan kompetensi dan karir;Melaksanakan manajemen pembelajaran termasuk evaluasi dan umpan balik pada tataran organisasi;Mengembangkan orang-orang disekitarnya secara konsisten, melakukan kaderisasi untuk posisi-posisi di unit kerjanya
7. Mengelola Perubahan | 4 | Memimpin perubahan pada unit kerja | Mengarahkan unit kerja untuk lebih siap dalam menghadapi perubahan termasuk memitigasi risiko yang mungkin terjadi;Memastikan perubahan sudah diterapkan secara aktif di lingkup unit kerjanya secara berkala;Memimpin dan memastikan penerapan program-program perubahan selaras antar unit kerja
8. Pengambilan Keputusan | 4 | Menyelesaikan masalah yang mengandung risiko tinggi, mengantisipasi dampak keputusan, membuat tindakan pengamanan; mitigasi risiko | Menyusun dan/atau memutuskan konsep penyelesaian masalah yang melibatkan beberapa/seluruh fungsi dalam organisasi;Menghasilkan solusi dari berbagai masalah yang kompleks, terkait dengan bidang kerjanya yang berdampak pada pihak lain.Membuat keputusan dan mengantisipasi dampak keputusannya serta menyiapkan tindakan penanganannya (mitigasi risiko).
B   Sosial Kultural
9.  Perekat Bangsa | 4 | Mendayagunakan perbedaan secara konstruktif dan kreatif untuk meningkatkan efektifitas organisasi | Menginisiasi dan merepresentasikan pemerintah di lingkungan kerja dan masyarakat untuk senantiasa menjaga persatuan dan kesatuan dalam keberagaman dan menerima segala bentuk perbedaan dalam kehidupan bermasyarakat;Mampu mendayagunakan perbedaan latar belakang, agama/kepercayaan, suku, jender, sosial ekonomi, preferensi politik untuk mencapai kelancaran pencapaian tujuan organisasi;Mampu membuat program yang mengakomodasi perbedaan latar belakang, agama/kepercayaan, suku, jender, sosial ekonomi, preferensi politik.
C.  Teknis
10. Penyusunan Rencana Kerja dan Anggaran | 4 | Memberikan rekomendasi terkait penyusunan rencana kerja dan anggaran | Mampu membandingkan efektivitas penyusunan rencana kerja dan anggaran;Mampu memberikan rekomendasi kebijakan terhadap penyusunan rencana kerja dan anggaran dengan memberikan rekomendasi yang tepat dan aplikatif menyangkut kedudukan, tugas dan fungsi lembaga dan unit-unit kerjanya;Mampu memberikan rekomendasi mengenai penyusunan rencana kerja dan anggaran.
11. Penyusunan Arsitektur Kinerja dan Indikator Kinerja | 4 | Memberikan rekomendasi terkait penyusunan arsitektur kinerja dan indikator kinerja | Mampu membandingkan efektivitas penyusunan arsitektur kinerja dan indikator kinerja;Mampu memberikan rekomendasi kebijakan terhadap penyusunan arsitektur kinerja dan indikator kinerja dengan memberikan rekomendasi yang tepat dan aplikatif menyangkut kedudukan, tugas dan fungsi lembaga dan unit-unit kerjanya;Mampu memberikan rekomendasi mengenai penyusunan arsitektur kinerja dan indikator kinerja.
12. Penyusunan Rencana Pembangunan Jangka Menengah, Rencana Pembangunan Jangka Panjang, dan Rencana Strategis | 4 | Memberikan Rekomendasi terkait Penyusunan Penyusunan RPJP, RPJM, dan Renstra | Mampu membandingkan efektivitas Penyusunan Penyusunan RPJP, RPJM, dan Renstra;Mampu memberikan rekomendasi kebijakan terhadap Penyusunan Penyusunan RPJP, RPJM, dan Renstra dengan memberikan rekomendasi yang tepat dan aplikatif menyangkut kedudukan, tugas dan fungsi lembaga dan unit-unit kerjanya;Mampu memberikan rekomendasi mengenai Penyusunan Penyusunan RPJP, RPJM, dan Renstra.
13. Manajemen Keuangan | 4 | Memberikan rekomendasi terhadap manajemen keuangan | Mengevaluasi hasil analisis yang dilakukan dan memberikan rekomendasi dalam rangka perbaikan pelaksanaan pengelolaan keuanganMemberikan solusi atas permasalahan jangka panjang yang bersifat strategis pada pengelolaan keuanganMembuat langkah antisipatif atas perubahan lingkungan eksternal yang dapat mempengaruhi pengelolaan keuangan
III.  PERSYARATAN JABATAN
Jenis Persyaratan | Uraian | Tingkat pentingnya thd jabatan
Mutlak | Penting | Perlu
A  Pendidikan | 1  Jenjang | Paling rendah Sarjana (S1) diutamakan Pasca Sarjana (S2)/Doktor (S3)/Profesi.
2  Bidang Ilmu | Magister Ekonomi, Magister Manajemen, Magister Perencanaan Ekonomi dan Kebijakan Pembangunan, dan bidang ilmu lain yang relevan
B.  Pelatihan | 1 Manajerial | Pelatihan Kepemimpinan Nasional Tingkat II | √
2 Teknis | Pelatihan Penyusunan Rencana, Program dan Anggaran.Pelatihan pemantauan, evaluasi, dan pelaporan kinerja.Pelatihan pengelolaan keuangan negara. | √
3 Fungsional | Pelatihan PerencanaPelatihan Analis KebijakanPelatihan Analis AnggaranPelatihan Pengelolaan Keuangan | √
C. Pengalaman kerja | Memilikipengalamanjabatan dalambidang tugasyang terkaitdenganmanajemenkinerja/organisasi/pengelolaan keuangan negara/kerja samasecarakumulatifpaling singkatselama 5 (lima)tahun dan/atau2. Sedang ataupernahmendudukijabatanAdministratoratau JF jenjangahli madyapaling singkat2 (dua) tahun; | √
D. Pangkat | Paling rendah Pembina Utama Muda/ IV/b
E. Indikator Kinerja Jabatan | Nilai AKIP Komponen Perencanaan Kinerja, Pengukuran Kinerja, Pelaporan Kinerja dan Pencapaian Kinerja BPOM.Nilai Evaluasi Kinerja Anggaran (EKA) BPOM.Nilai Indikator Kinerja Pelaksanaan Anggaran (IKPA) BPOM.Persentase kesesuaian Laporan Keuangan BPOM yang disusun sesuai dengan SAP."
9. Draft_SKJ_Inspektur_alx_edit - Inspektur 1 v2 .docx,"STANDAR KOMPETENSI JABATAN
JABATAN PIMPINAN TINGGI PRATAMA
Nama Jabatan | : | Inspektur I
Kelompok Jabatan | : | Struktural
Urusan Pemerintah | : | Pengawasan Intern Pemerintah
Kode Jabatan | : | 1-02-16-01-11-000
JABATAN PIMPINAN TINGGI PRATAMA
IKHTISAR JABATAN
Ikhtisar Jabatan | Inspektur melaksanakan Pengawasan Intern berupa Layanan Jasa Asurans meliputi kegiatan audit, reviu, evaluasi, pemantauan, kegiatan pengawasan lain dan Layanan Jasa Konsultansi meliputi kegiatan pemberian saran dan jasa lainnya dalam rangka memberikan keyakinan yang memadai bahwa kegiatan telah dilaksanakan dengan tata kepemerintahan yang baik dan untuk memberikan nilai tambah dalam upaya meningkatkan proses tata kelola, manajemen risiko, dan kegiatan pengendalian terhadap penyelenggaraan tugas dan fungsi pada mitra kerja pengawasan intern tertentu.
STANDAR KOMPETENSI
Kompetensi | Level | Deskripsi | Indikator Kompetensi
Manajerial
Integritas | 4 | Mampu menciptakan situasi kerja yang mendorong kepatuhan pada nilai, norma, dan etika organisasi | Menciptakan situasi kerja yang mendorong seluruh pemangku kepentingan mematuhi nilai, norma, dan etika organisasi dalam segala situasi dan kondisi.Mendukung dan menerapkan prinsip moral dan standar etika yang tinggi, serta berani menanggung konsekuensinya.Berani melakukan koreksi atau mengambil Tindakan atas penyimpangan kode etik/ nilai-nilai yang dilakukan oleh orang lain, pada tataran lingkup kerja setingkat instansi meskipun ada resiko.
Kerjasama | 4 | Membangun komitmen tim, sinergi | Membangun sinergi antar unit kerja di lingkup instansi yang dipimpin;Memfasilitasi kepentingan yang berbeda dari unit kerja lain sehingga tercipta sinergi dalam rangka pencapaian target kerja organisasi;Mengembangkan sistem yang menghargai kerja sama antar unit, memberikan dukungan/semangat untuk memastikan tercapainya sinergi dalam rangka pencapaian target kerja organisasi.
Komunikasi | 4 | Mampu mengemukakan pemikiran multidimensi secara lisan dan tertulis untuk mendorong kesepakatan dengan tujuan meningkatkan kinerja secara keseluruhan | Mengintegrasikan informasi-informasi penting hasil diskusi dengan pihak lain untuk mendapatkan pemahaman yang sama; Berbagi informasi dengan pemangku kepentingan untuk tujuan meningkatkan kinerja secara keseluruhan;Menuangkan pemikiran/konsep yang multidimensi dalam bentuk tulisan formal;Menyampaikan informasi secara persuasif untuk mendorong pemangku kepentingan sepakat pada langkah-langkah bersama dengan tujuan meningkatkan kinerja secara keseluruhan.
Orientasi pada hasil | 4 | Mendorong unit kerja mencapai target yang ditetapkan atau melebihi hasil kerja sebelumnya | Mendorong unit kerja di tingkat instansi untuk mencapai kinerja yang melebihi target yang ditetapkan;Memantau dan mengevaluasi hasil kerja unitnya agar selaras dengan sasaran strategis instansi;Mendorong pemanfaatan sumber daya bersama antar unit kerja dalam rangka meningkatkan efektifitas dan efisiensi pencapaian target organisasi.
Pelayanan Publik | 4 | Mampu memonitor, mengevaluasi, memperhitungkan dan mengantisipasi dampak dari isu-isu jangka panjang, kesempatan, atau kekuatan politik dalam hal pelayanan kebutuhan pemangku kepentingan yang transparan, objektif, dan profesional. | Memahami dan memberi perhatian kepada isu-isu jangka panjang, kesempatan atau kekuatan politik yang mempengaruhi organisasi dalam hubungannya dengan dunia luar, memperhitungkan dan mengantisipasi dampak terhadap pelaksanaan tugas-tugas pelayanan publik secara objektif, transparan, dan profesional dalam lingkup organisasi;Menjaga agar kebijakan pelayanan publik yang diselenggarakan oleh instansinya telah selaras dengan standar pelayanan yang objektif, netral, tidak memihak, tidak diskriminatif, serta tidak terpengaruh kepentingan pribadi/kelompok/partai politik;Menerapkan strategi jangka panjang yang berfokus pada pemenuhan pemangku kepentingan dalam menyusun kebijakan dengan mengikuti standar objektif, netral, tidak memihak, tidak diskriminatif, transparan, tidak terpengaruh kepentingan pribadi/ kelompok.
Pengembangan diri dan orang lain | 4 | Menyusun program pengembangan jangka panjang dalam rangka mendorong manajemen pembelajaran | Menyusun program pengembangan jangka panjang bersama-sama dengan bawahan, termasuk di dalamnya penetapan tujuan, bimbingan, penugasan dan pengalaman lainnya, serta mengalokasikan waktu untuk mengikuti pelatihan/pendidikan/pengembangan kompetensi dan karir;Melaksanakan manajemen pembelajaran termasuk evaluasi dan umpan balik pada tataran organisasi;Mengembangkan orang-orang disekitarnya secara konsisten, melakukan kaderisasi untuk posisi-posisi di unit kerjanya.
Mengelola Perubahan | 4 | Memimpin perubahan pada unit kerja | Mengarahkan unit kerja untuk lebih siap dalam menghadapi perubahan termasuk memitigasi risiko yang mungkin terjadi;Memastikan perubahan sudah diterapkan secara aktif di lingkup unit kerjanya secara berkala;Memimpin dan memastikan penerapan program-program perubahan selaras antar unit kerja.
Pengambilan Keputusan | 4 | Menyelesaikan masalah yang mengandung risiko tinggi, mengantisipasi dampak keputusan, membuat tindakan pengamanan, mitigasi risiko | Menyusun dan/atau memutuskan konsep penyelesaian masalah yang melibatkan beberapa/seluruh fungsi dalam organisasi.Menghasilkan solusi dari berbagai masalah yang kompleks, terkait dengan bidang kerjanya yang berdampak pada pihak lain.Membuat keputusan dan mengantisipasi dampak keputusannya serta menyiapkan tindakan penanganannya (mitigasi risiko).
Sosial Kultural
Perekat Bangsa | 4 | Mendayagunakan perbedaan secara konstruktif dan kreatif untuk meningkatkan efektifitas organisasi | Menginisiasi dan merepresentasikan pemerintah di lingkungan kerja dan masyarakat untuk senantiasa menjaga persatuan dan kesatuan dalam keberagaman dan menerima segala bentuk perbedaan dalam kehidupan bermasyarakat; Mampu mendayagunakan perbedaan latar belakang, agama/kepercayaan, suku, gender, sosial ekonomi, preferensi politik untuk mencapai kelancaran pencapaian tujuan organisasi;Mampu membuat program yang mengakomodasi perbedaan latar belakang, agama/kepercayaan, suku, gender, sosial ekonomi, preferensi politik.
Teknis
Manajemen Audit (pengawasan) intern | 4 | Mampu berkolaborasi dengan rekan sejawat untuk mencapai tujuan organisasi, dan berkontribusi dalam perencanaan | Mampu melakukan evaluasi permasalahan Tim;Menyampaikan ekspektasi dan tujuan bisnis yang jelas serta mengaitkannya dengan strategi organisasi; Mampu menyusun perencanaan pengawasan intern berbasis risiko dengan mempertimbangkan kompetensi dan kapabilitas Tim.
Standar Audit | 4 | Mampu mengevaluasi pelaksanaan pengawasan intern dengan kebijakan organisasi APIP dan standar audit serta melaksanakan program pengembangan dan penjaminan kualitas | Mampu mengevaluasi pelaksanaan pengawasan intern dengan kebijakan organisasi APIP dan standar audit; Mampu memutuskan penggunaan dan Mampu mengevaluasi pelaksanaan pengawasan intern dengan kebijakan organisasi APIP dan standar audit; Mampu memutuskan penggunaan dan interpretasi Standar Audit Intern dengan tepat. Mampu melaksanakan program pengembangan dan penjaminan kualitas (quality assurance and improvement program).Mampu mengarahkan penggunaan kemahiran profesional dengan cermat dan saksama (due professional care) dalam pelaksanaan penugasan audit.
Tata Kelola, Manajemen Risiko, dan Pengendalian | 4 | Menilai penerapan Tata Kelola, Manajemen Risiko, dan Pengendalian organisasi dalam kegiatan pengawasan intern | Mampu menetapkan metodologi pengawasan intern yang tepat dalam mengevaluasi penerapan kerangka kerja tata kelola, manajemen risiko, dan pengendalian organisasi;Menilai penerapan Tata Kelola, Manajemen Risiko, dan Pengendalian organisasi;Memberikan saran perbaikan penerapan Tata Kelola, Manajemen Risiko, dan Pengendalian untuk pencapaian tujuan organisasi;Mampu mengevaluasi penerapan kesadaran atas risiko kecurangan (fraud) pada semua level organisasi.
Analisis Proses Bisnis Mitra Pengawasan | 4 | Mampu mengevaluasi strategi yang diterapkan mitra pengawasan dalam mencapai tujuan organisasinya | Mengevaluasi titik kritis mitra pengawasan dalam penugasan pengawasan intern;Mampu mengevaluasi keterkaitan tujuan program/kegiatan, risiko, dan pengendalian internal dalam mencapai tujuan strategis mitra pengawasan;Mampu mengevaluasi faktor-faktor lingkungan strategis yang berdampak pada mitra pengawasan.
Pelaksanaan Pengawasan Intern | 4 | Mampu mengendalikan teknis pelaksanaan pengawasan intern | Mampu mengendalikan teknis pelaksanaan pengawasan intern meliputi antara lain pengalokasian sumber daya yang optimal, pemilihan teknik yang tepat untuk pengumpulan data, analisis data, interpretasi, dan pelaporan untuk memastikan tujuan pengawasan intern tercapai;Mampu mereviu program kerja pengawasan intern meliputi antara ruang lingkup, sumber daya, jadwal untuk memastikan tujuan pengawasan intern tercapai; Mereviu usulan rekomendasi yang disusun tim untuk memastikan akar permasalahan dan memberikan perbaikan bagi organisasi dan telah didukung bukti-bukti akurat;Mampu mengevaluasi pelaksanaan dan hasil tindak lanjut untuk memonitor tindakan manajemen;
Pengembangan Metodologi Pengawasan | 4 | Mengembangkan pendekatan-pendekatan inovatif untuk meningkatkan aktivitas audit intern, dan mampu melatih tim dalam menerima perubahan di dalam aktivitas audit intern. | Mampu mengarahkan Tim Pengawasan Intern untuk menciptakan lingkungan yang mendukung perubahan; Mampu mendorong orang lain/tim pengawasan untuk mengajukan ide-ide inovatif dan memberikan umpan balik yang positif untuk memastikan bahwa ide-ide baru diterapkan dan memberikan kontribusi peningkatan kualitas pengawasan intern;Mampu mengevaluasi/ menilai hambatan-hambatan potensial dan sumber daya yang dibutuhkan untuk inisiatif perubahan; Mampu mengimplementasikan program perubahan pada seluruh fungsi audit intern dan tim audit intern.
PERSYARATAN JABATAN
Jenis Persyaratan | Uraian | Tingkat Pentingnya Terhadap Jabatan
Mutlak | Penting | Perlu
Pendidikan | Jenjang | S1 (Sarjana StrataI)
Bidang Ilmu | Sarjana Strata satu dengan program studi farmasi, kimia, biologi, Teknik, manajemen, ekonomi, akuntansi, hukum, atau program studi lain yang relevan dengan bidang tugas
Pelatihan | Manajerial | Pelatihan Kepemimpinan Nasional Tingkat III (PIM III) | ꓦ
Teknis | Pelatihan terkait tata kelola, manajemen risiko, atau pengendalian intern; | √
Pelatihan dan pembelajaran lain sesuai dengan tugas dan fungsi Inspektorat; | √
Fungsional | Pelatihan Fungsional Auditor Ahli Madya (Pengendali Teknis) | ꓦ
Sosial Kultural | Perekat bangsa / Management diversity | √
Pengalaman Kerja | Lulus pelatihan dasar bagi Calon PNS; dan/atauPaling kurang 2 (dua) tahun untuk perpindahan atau penyesuaian/inpassing | √
Pangkat | IV/b – Pembina
Indikator (Output) Kinerja Jabatan | Kualitas pengawasan intern Jasa Asurans yang memenuhi standar Kualitas pengawasan intern Jasa Konsultansi yang memenuhi standarKualitas kinerja penugasan pimpinan sesuai dengan tujuan penugasan."
